CÓDIGO REGIÓN;CÓDIGO COMUNA;NOMBRE REGIÓN;NOMBRE PROVINCIA;NOMBRE COMUNA;URBANO;TIPO;CATEGORIA;TOTAL POBLACIÓN;TOTAL HOMBRES;TOTALES MUJERES;TOTAL VIVIENDAS;CIUDAD;TIPO DATO;CONTEO
1;1101;DE TARAPACÁ;IQUIQUE;IQUIQUE;IQUIQUE;CAPITAL REGIONAL;CIUDAD;188003;92813;95190;65264;IQUIQUE;ORIGEN;1
1;1107;DE TARAPACÁ;IQUIQUE;ALTO HOSPICIO;ALTO HOSPICIO;CAPITAL COMUNAL;CIUDAD;105065;51602;53463;32824;ALTO HOSPICIO;ORIGEN;1
1;1401;DE TARAPACÁ;TAMARUGAL;POZO ALMONTE;POZO ALMONTE;CAPITAL PROVINCIAL;CIUDAD;9277;4632;4645;3326;POZO ALMONTE;ORIGEN;1
1;1404;DE TARAPACÁ;TAMARUGAL;HUARA;HUARA;CAPITAL COMUNAL;PUEBLO;1082;589;493;525;HUARA;ORIGEN;1
1;1405;DE TARAPACÁ;TAMARUGAL;PICA;PICA;CAPITAL COMUNAL;PUEBLO;3876;1909;1967;2044;PICA;ORIGEN;1
2;2101;DE ANTOFAGASTA;ANTOFAGASTA;ANTOFAGASTA;ANTOFAGASTA;CAPITAL REGIONAL;CIUDAD;348517;171381;177136;110563;ANTOFAGASTA;ORIGEN;1
2;2101;DE ANTOFAGASTA;ANTOFAGASTA;ANTOFAGASTA;CERRO MORENO;URBANO;PUEBLO;1466;884;582;330;CERRO MORENO;ORIGEN;1
2;2102;DE ANTOFAGASTA;ANTOFAGASTA;MEJILLONES;MEJILLONES;CAPITAL COMUNAL;CIUDAD;12784;7561;5223;3609;MEJILLONES;ORIGEN;1
2;2104;DE ANTOFAGASTA;ANTOFAGASTA;TALTAL;TALTAL;CAPITAL COMUNAL;CIUDAD;10933;5592;5341;3842;TALTAL;ORIGEN;1
2;2201;DE ANTOFAGASTA;EL LOA;CALAMA;CALAMA;CAPITAL PROVINCIAL;CIUDAD;157575;79804;77771;52846;CALAMA;ORIGEN;1
2;2203;DE ANTOFAGASTA;EL LOA;SAN PEDRO DE ATACAMA;SAN PEDRO DE ATACAMA;CAPITAL COMUNAL;CIUDAD;5347;2593;2754;1954;SAN PEDRO DE ATACAMA;ORIGEN;1
2;2301;DE ANTOFAGASTA;TOCOPILLA;TOCOPILLA;TOCOPILLA;CAPITAL PROVINCIAL;CIUDAD;24521;12036;12485;9129;TOCOPILLA;ORIGEN;1
2;2302;DE ANTOFAGASTA;TOCOPILLA;MARÍA ELENA;MARÍA ELENA;CAPITAL COMUNAL;PUEBLO;4902;2760;2142;1787;MARÍA ELENA;ORIGEN;1
3;3101;DE ATACAMA;COPIAPÓ;COPIAPÓ;COPIAPÓ;CAPITAL REGIONAL;CIUDAD;150804;74866;75938;53625;COPIAPÓ;ORIGEN;1
3;3102;DE ATACAMA;COPIAPÓ;CALDERA;CALDERA;CAPITAL COMUNAL;CIUDAD;15547;7860;7687;7265;CALDERA;ORIGEN;1
3;3103;DE ATACAMA;COPIAPÓ;TIERRA AMARILLA;TIERRA AMARILLA;CAPITAL COMUNAL;CIUDAD;9857;5015;4842;3230;TIERRA AMARILLA;ORIGEN;1
3;3201;DE ATACAMA;CHAÑARAL;CHAÑARAL;CHAÑARAL;CAPITAL PROVINCIAL;CIUDAD;11073;5641;5432;4250;CHAÑARAL;ORIGEN;1
3;3202;DE ATACAMA;CHAÑARAL;DIEGO DE ALMAGRO;EL SALVADOR;URBANO;CIUDAD;6032;3321;2711;3014;EL SALVADOR;ORIGEN;1
3;3202;DE ATACAMA;CHAÑARAL;DIEGO DE ALMAGRO;DIEGO DE ALMAGRO;CAPITAL COMUNAL;CIUDAD;7223;3776;3447;3202;DIEGO DE ALMAGRO;ORIGEN;1
3;3301;DE ATACAMA;HUASCO;VALLENAR;VALLENAR;CAPITAL PROVINCIAL;CIUDAD;45298;21933;23365;15901;VALLENAR;ORIGEN;1
3;3303;DE ATACAMA;HUASCO;FREIRINA;FREIRINA;CAPITAL COMUNAL;PUEBLO;3504;1653;1851;1305;FREIRINA;ORIGEN;1
3;3303;DE ATACAMA;HUASCO;FREIRINA;VICUÑA MACKENNA;URBANO;PUEBLO;1037;499;538;452;VICUÑA MACKENNA;ORIGEN;1
3;3304;DE ATACAMA;HUASCO;HUASCO;HUASCO;CAPITAL COMUNAL;CIUDAD;7071;3618;3453;3025;HUASCO;ORIGEN;1
3;3304;DE ATACAMA;HUASCO;HUASCO;HUASCO BAJO;URBANO;PUEBLO;1589;764;825;641;HUASCO BAJO;ORIGEN;1
4;4101;DE COQUIMBO;ELQUI;LA SERENA;LA SERENA;CAPITAL REGIONAL;CIUDAD;195382;92063;103319;76998;LA SERENA;ORIGEN;1
4;4101;DE COQUIMBO;ELQUI;LA SERENA;CALETA SAN PEDRO;URBANO;PUEBLO;2114;1035;1079;777;CALETA SAN PEDRO;ORIGEN;1
4;4101;DE COQUIMBO;ELQUI;LA SERENA;ALTOVALSOL;URBANO;PUEBLO;1292;645;647;418;ALTOVALSOL;ORIGEN;1
4;4101;DE COQUIMBO;ELQUI;LA SERENA;ALGARROBITO;URBANO;PUEBLO;1056;513;543;360;ALGARROBITO;ORIGEN;1
4;4102;DE COQUIMBO;ELQUI;COQUIMBO;GUANAQUEROS;URBANO;PUEBLO;1762;921;841;1892;GUANAQUEROS;ORIGEN;1
4;4102;DE COQUIMBO;ELQUI;COQUIMBO;TONGOY;URBANO;CIUDAD;5552;2909;2643;2600;TONGOY;ORIGEN;1
4;4102;DE COQUIMBO;ELQUI;COQUIMBO;COQUIMBO;CAPITAL PROVINCIAL;CIUDAD;204068;97714;106354;76337;COQUIMBO;ORIGEN;1
4;4102;DE COQUIMBO;ELQUI;COQUIMBO;EL PEÑÓN;URBANO;PUEBLO;1476;769;707;669;EL PEÑÓN;ORIGEN;1
4;4103;DE COQUIMBO;ELQUI;ANDACOLLO;ANDACOLLO;CAPITAL COMUNAL;CIUDAD;9989;4967;5022;3801;ANDACOLLO;ORIGEN;1
4;4104;DE COQUIMBO;ELQUI;LA HIGUERA;LA HIGUERA;CAPITAL COMUNAL;PUEBLO;1251;607;644;537;LA HIGUERA;ORIGEN;1
4;4106;DE COQUIMBO;ELQUI;VICUÑA;VICUÑA;CAPITAL COMUNAL;CIUDAD;15872;7636;8236;5836;VICUÑA;ORIGEN;1
4;4106;DE COQUIMBO;ELQUI;VICUÑA;NUEVA TALCUNA;URBANO;PUEBLO;1113;545;568;363;NUEVA TALCUNA;ORIGEN;1
4;4201;DE COQUIMBO;CHOAPA;ILLAPEL;ILLAPEL;CAPITAL PROVINCIAL;CIUDAD;20751;9610;11141;7750;ILLAPEL;ORIGEN;1
4;4202;DE COQUIMBO;CHOAPA;CANELA;CANELA BAJA;CAPITAL COMUNAL;PUEBLO;1918;933;985;988;CANELA BAJA;ORIGEN;1
4;4203;DE COQUIMBO;CHOAPA;LOS VILOS;QUILIMARÍ ALTO;URBANO;PUEBLO;1612;846;766;1709;QUILIMARÍ ALTO;ORIGEN;1
4;4203;DE COQUIMBO;CHOAPA;LOS VILOS;PICHIDANGUI;URBANO;PUEBLO;1380;705;675;1974;PICHIDANGUI;ORIGEN;1
4;4203;DE COQUIMBO;CHOAPA;LOS VILOS;LOS VILOS;CAPITAL COMUNAL;CIUDAD;13816;6971;6845;6792;LOS VILOS;ORIGEN;1
4;4204;DE COQUIMBO;CHOAPA;SALAMANCA;SALAMANCA;CAPITAL COMUNAL;CIUDAD;13520;6754;6766;4750;SALAMANCA;ORIGEN;1
4;4204;DE COQUIMBO;CHOAPA;SALAMANCA;CHILLEPÍN;URBANO;PUEBLO;1696;1016;680;678;CHILLEPÍN;ORIGEN;1
4;4204;DE COQUIMBO;CHOAPA;SALAMANCA;EL TAMBO;URBANO;PUEBLO;1335;693;642;497;EL TAMBO;ORIGEN;2
4;4301;DE COQUIMBO;LIMARÍ;OVALLE;GUAMALATA;URBANO;PUEBLO;1683;786;897;594;GUAMALATA;ORIGEN;1
4;4301;DE COQUIMBO;LIMARÍ;OVALLE;OVALLE;CAPITAL PROVINCIAL;CIUDAD;75864;35548;40316;26819;OVALLE;ORIGEN;1
4;4301;DE COQUIMBO;LIMARÍ;OVALLE;SOTAQUÍ;URBANO;PUEBLO;3768;1797;1971;1316;SOTAQUÍ;ORIGEN;1
4;4301;DE COQUIMBO;LIMARÍ;OVALLE;LA CHIMBA;URBANO;PUEBLO;3944;1884;2060;1509;LA CHIMBA;ORIGEN;1
4;4301;DE COQUIMBO;LIMARÍ;OVALLE;LIMARÍ;URBANO;PUEBLO;1123;548;575;333;LIMARÍ;ORIGEN;1
4;4302;DE COQUIMBO;LIMARÍ;COMBARBALÁ;COMBARBALÁ;CAPITAL COMUNAL;CIUDAD;5915;2805;3110;2604;COMBARBALÁ;ORIGEN;1
4;4303;DE COQUIMBO;LIMARÍ;MONTE PATRIA;MONTE PATRIA;CAPITAL COMUNAL;CIUDAD;6533;3216;3317;2407;MONTE PATRIA;ORIGEN;1
4;4303;DE COQUIMBO;LIMARÍ;MONTE PATRIA;EL PALQUI;URBANO;CIUDAD;6175;2963;3212;2094;EL PALQUI;ORIGEN;1
4;4303;DE COQUIMBO;LIMARÍ;MONTE PATRIA;CHAÑARAL ALTO;URBANO;PUEBLO;2566;1261;1305;987;CHAÑARAL ALTO;ORIGEN;1
4;4304;DE COQUIMBO;LIMARÍ;PUNITAQUI;PUNITAQUI;CAPITAL COMUNAL;CIUDAD;5700;2695;3005;2366;PUNITAQUI;ORIGEN;1
5;5101;DE VALPARAÍSO;VALPARAÍSO;VALPARAÍSO;LAGUNA VERDE;URBANO;PUEBLO;3686;1905;1781;4964;LAGUNA VERDE;ORIGEN;1
5;5101;DE VALPARAÍSO;VALPARAÍSO;VALPARAÍSO;VALPARAÍSO;CAPITAL REGIONAL;CIUDAD;251177;122482;128695;97191;VALPARAÍSO;ORIGEN;1
5;5101;DE VALPARAÍSO;VALPARAÍSO;VALPARAÍSO;PLACILLA DE PEÑUELAS;URBANO;CIUDAD;39344;18912;20432;13640;PLACILLA DE PEÑUELAS;ORIGEN;1
5;5102;DE VALPARAÍSO;VALPARAÍSO;CASABLANCA;CASABLANCA;CAPITAL COMUNAL;CIUDAD;17948;8676;9272;6232;CASABLANCA;ORIGEN;1
5;5103;DE VALPARAÍSO;VALPARAÍSO;CONCÓN;CONCÓN;CAPITAL COMUNAL;CIUDAD;39345;18784;20561;19199;CONCÓN;ORIGEN;1
5;5105;DE VALPARAÍSO;VALPARAÍSO;PUCHUNCAVÍ;MAITENCILLO;URBANO;PUEBLO;2228;1167;1061;3939;MAITENCILLO;ORIGEN;1
5;5105;DE VALPARAÍSO;VALPARAÍSO;PUCHUNCAVÍ;PUCHUNCAVÍ;CAPITAL COMUNAL;CIUDAD;5271;2572;2699;2031;PUCHUNCAVÍ;ORIGEN;1
5;5105;DE VALPARAÍSO;VALPARAÍSO;PUCHUNCAVÍ;LAS VENTANAS;URBANO;CIUDAD;8314;4202;4112;9541;LAS VENTANAS;ORIGEN;1
5;5107;DE VALPARAÍSO;VALPARAÍSO;QUINTERO;QUINTERO;CAPITAL COMUNAL;CIUDAD;26247;12840;13407;14768;QUINTERO;ORIGEN;1
5;5109;DE VALPARAÍSO;VALPARAÍSO;VIÑA DEL MAR;VIÑA DEL MAR;CAPITAL COMUNAL;CIUDAD;332875;157967;174908;146717;VIÑA DEL MAR;ORIGEN;1
5;5201;DE VALPARAÍSO;ISLA DE PASCUA;ISLA DE PASCUA;HANGA ROA;CAPITAL PROVINCIAL;CIUDAD;7163;3523;3640;2762;HANGA ROA;ORIGEN;1
5;5301;DE VALPARAÍSO;LOS ANDES;LOS ANDES;SAN RAFAEL;URBANO;PUEBLO;676;335;341;229;SAN RAFAEL;ORIGEN-SACAR;3
5;5301;DE VALPARAÍSO;LOS ANDES;LOS ANDES;LOS ANDES;CAPITAL PROVINCIAL;CIUDAD;59388;28700;30688;21869;LOS ANDES;ORIGEN;1
5;5302;DE VALPARAÍSO;LOS ANDES;CALLE LARGA;CALLE LARGA;CAPITAL COMUNAL;CIUDAD;9653;4667;4986;3570;CALLE LARGA;ORIGEN;1
5;5302;DE VALPARAÍSO;LOS ANDES;CALLE LARGA;LA CALDERA;URBANO;PUEBLO;1022;520;502;348;LA CALDERA;ORIGEN;1
5;5303;DE VALPARAÍSO;LOS ANDES;RINCONADA;RINCONADA;CAPITAL COMUNAL;CIUDAD;8036;4006;4030;2791;RINCONADA;ORIGEN;1
5;5304;DE VALPARAÍSO;LOS ANDES;SAN ESTEBAN;SAN ESTEBAN;CAPITAL COMUNAL;CIUDAD;10293;4901;5392;3661;SAN ESTEBAN;ORIGEN;1
5;5304;DE VALPARAÍSO;LOS ANDES;SAN ESTEBAN;EL HIGUERAL;URBANO;PUEBLO;1057;546;511;379;EL HIGUERAL;ORIGEN;1
5;5401;DE VALPARAÍSO;PETORCA;LA LIGUA;VALLE HERMOSO;URBANO;PUEBLO;3582;1773;1809;1422;VALLE HERMOSO;ORIGEN;1
5;5401;DE VALPARAÍSO;PETORCA;LA LIGUA;LA LIGUA;CAPITAL PROVINCIAL;CIUDAD;19127;9055;10072;7276;LA LIGUA;ORIGEN;1
5;5401;DE VALPARAÍSO;PETORCA;LA LIGUA;PLACILLA;URBANO;PUEBLO;1835;893;942;691;PLACILLA;ORIGEN;2
5;5401;DE VALPARAÍSO;PETORCA;LA LIGUA;EL CARMEN - LA HIGUERA;URBANO;PUEBLO;1199;631;568;416;EL CARMEN - LA HIGUERA;ORIGEN;1
5;5402;DE VALPARAÍSO;PETORCA;CABILDO;ARTIFICIO;URBANO;PUEBLO;1223;573;650;529;ARTIFICIO;ORIGEN;1
5;5402;DE VALPARAÍSO;PETORCA;CABILDO;CABILDO;CAPITAL COMUNAL;CIUDAD;10909;5178;5731;3760;CABILDO;ORIGEN;1
5;5403;DE VALPARAÍSO;PETORCA;PAPUDO;PULLALLI;URBANO;PUEBLO;1708;855;853;644;PULLALLI;ORIGEN;1
5;5403;DE VALPARAÍSO;PETORCA;PAPUDO;PAPUDO;CAPITAL COMUNAL;PUEBLO;3700;1864;1836;4747;PAPUDO;ORIGEN;1
5;5404;DE VALPARAÍSO;PETORCA;PETORCA;CHINCOLCO;URBANO;PUEBLO;1149;564;585;554;CHINCOLCO;ORIGEN;1
5;5404;DE VALPARAÍSO;PETORCA;PETORCA;PETORCA;CAPITAL COMUNAL;PUEBLO;2903;1434;1469;1230;PETORCA;ORIGEN;1
5;5405;DE VALPARAÍSO;PETORCA;ZAPALLAR;ZAPALLAR;CAPITAL COMUNAL;PUEBLO;1414;670;744;1378;ZAPALLAR;ORIGEN;1
5;5405;DE VALPARAÍSO;PETORCA;ZAPALLAR;CATAPILCO;URBANO;PUEBLO;2020;971;1049;717;CATAPILCO;ORIGEN;1
5;5405;DE VALPARAÍSO;PETORCA;ZAPALLAR;CACHAGUA;URBANO;PUEBLO;1040;541;499;1194;CACHAGUA;ORIGEN;1
5;5405;DE VALPARAÍSO;PETORCA;ZAPALLAR;LA LAGUNA DE ZAPALLAR;URBANO;PUEBLO;532;280;252;1870;LA LAGUNA DE ZAPALLAR;ORIGEN;1
5;5501;DE VALPARAÍSO;QUILLOTA;QUILLOTA;QUILLOTA;CAPITAL PROVINCIAL;CIUDAD;73261;34536;38725;27291;QUILLOTA;ORIGEN;1
5;5501;DE VALPARAÍSO;QUILLOTA;QUILLOTA;SAN PEDRO;URBANO;PUEBLO;4093;1980;2113;1255;SAN PEDRO;ORIGEN;1
5;5502;DE VALPARAÍSO;QUILLOTA;CALERA;LA CALERA;CAPITAL COMUNAL;CIUDAD;47072;22679;24393;16899;LA CALERA;ORIGEN;1
5;5502;DE VALPARAÍSO;QUILLOTA;CALERA;LAS CABRITAS;URBANO;PUEBLO;1497;735;762;499;LAS CABRITAS;ORIGEN;1
5;5503;DE VALPARAÍSO;QUILLOTA;HIJUELAS;HIJUELAS;CAPITAL COMUNAL;CIUDAD;9418;4616;4802;3234;HIJUELAS;ORIGEN;1
5;5503;DE VALPARAÍSO;QUILLOTA;HIJUELAS;RABUCO;URBANO;PUEBLO;2314;1181;1133;791;RABUCO;ORIGEN;1
5;5504;DE VALPARAÍSO;QUILLOTA;LA CRUZ;LA CRUZ;CAPITAL COMUNAL;CIUDAD;19408;9305;10103;7062;LA CRUZ;ORIGEN;1
5;5506;DE VALPARAÍSO;QUILLOTA;NOGALES;EL MELÓN;URBANO;CIUDAD;9808;4732;5076;3307;EL MELÓN;ORIGEN;1
5;5506;DE VALPARAÍSO;QUILLOTA;NOGALES;NOGALES;CAPITAL COMUNAL;CIUDAD;8889;4288;4601;2985;NOGALES;ORIGEN;1
5;5601;DE VALPARAÍSO;SAN ANTONIO;SAN ANTONIO;SAN ANTONIO;CAPITAL PROVINCIAL;CIUDAD;86239;41995;44244;29943;SAN ANTONIO;ORIGEN;1
5;5602;DE VALPARAÍSO;SAN ANTONIO;ALGARROBO;MIRASOL - EL YECO;URBANO;CIUDAD;1818;885;933;3915;MIRASOL - EL YECO;ORIGEN;1
5;5602;DE VALPARAÍSO;SAN ANTONIO;ALGARROBO;ALGARROBO;CAPITAL COMUNAL;CIUDAD;9062;4367;4695;12987;ALGARROBO;ORIGEN;1
5;5603;DE VALPARAÍSO;SAN ANTONIO;CARTAGENA;CARTAGENA;CAPITAL COMUNAL;CIUDAD;20792;10246;10546;14931;CARTAGENA;ORIGEN;1
5;5604;DE VALPARAÍSO;SAN ANTONIO;EL QUISCO;EL QUISCO;CAPITAL COMUNAL;CIUDAD;14769;7201;7568;17287;EL QUISCO;ORIGEN;1
5;5605;DE VALPARAÍSO;SAN ANTONIO;EL TABO;LAS CRUCES;URBANO;CIUDAD;5490;2710;2780;8062;LAS CRUCES;ORIGEN;1
5;5605;DE VALPARAÍSO;SAN ANTONIO;EL TABO;EL TABO;CAPITAL COMUNAL;CIUDAD;6982;3539;3443;11402;EL TABO;ORIGEN;1
5;5606;DE VALPARAÍSO;SAN ANTONIO;SANTO DOMINGO;SANTO DOMINGO;CAPITAL COMUNAL;CIUDAD;6147;2926;3221;4361;SANTO DOMINGO;ORIGEN;1
5;5701;DE VALPARAÍSO;SAN FELIPE DE ACONCAGUA;SAN FELIPE;ALGARROBAL - PUNTA EL OLIVO;URBANO;PUEBLO;1517;783;734;532;ALGARROBAL - PUNTA EL OLIVO;ORIGEN;1
5;5701;DE VALPARAÍSO;SAN FELIPE DE ACONCAGUA;SAN FELIPE;SAN FELIPE;CAPITAL PROVINCIAL;CIUDAD;64120;30770;33350;23202;SAN FELIPE;ORIGEN;1
5;5701;DE VALPARAÍSO;SAN FELIPE DE ACONCAGUA;SAN FELIPE;CURIMÓN;URBANO;PUEBLO;2648;1278;1370;926;CURIMÓN;ORIGEN;1
5;5701;DE VALPARAÍSO;SAN FELIPE DE ACONCAGUA;SAN FELIPE;SAN RAFAEL;URBANO;PUEBLO;968;519;449;369;SAN RAFAEL;ORIGEN-SACAR;3
5;5702;DE VALPARAÍSO;SAN FELIPE DE ACONCAGUA;CATEMU;CATEMU;CAPITAL COMUNAL;CIUDAD;7772;3816;3956;2641;CATEMU;ORIGEN;1
5;5703;DE VALPARAÍSO;SAN FELIPE DE ACONCAGUA;LLAILLAY;LLAILLAY;CAPITAL COMUNAL;CIUDAD;17934;8743;9191;6368;LLAILLAY;ORIGEN;1
5;5704;DE VALPARAÍSO;SAN FELIPE DE ACONCAGUA;PANQUEHUE;PANQUEHUE;CAPITAL COMUNAL;PUEBLO;3806;1926;1880;1315;PANQUEHUE;ORIGEN;1
5;5705;DE VALPARAÍSO;SAN FELIPE DE ACONCAGUA;PUTAENDO;PUTAENDO;CAPITAL COMUNAL;CIUDAD;6722;3278;3444;2459;PUTAENDO;ORIGEN;1
5;5706;DE VALPARAÍSO;SAN FELIPE DE ACONCAGUA;SANTA MARÍA;SANTA MARÍA;CAPITAL COMUNAL;CIUDAD;7671;3714;3957;2724;SANTA MARÍA;ORIGEN;1
5;5706;DE VALPARAÍSO;SAN FELIPE DE ACONCAGUA;SANTA MARÍA;VILLA LOS ALMENDROS;URBANO;CIUDAD;423;215;208;131;VILLA LOS ALMENDROS;ORIGEN;1
5;5706;DE VALPARAÍSO;SAN FELIPE DE ACONCAGUA;SANTA MARÍA;EL LLANO;URBANO;PUEBLO;1687;833;854;622;EL LLANO;ORIGEN;1
5;5801;DE VALPARAÍSO;MARGA MARGA;QUILPUÉ;QUILPUÉ;CAPITAL COMUNAL;CIUDAD;147991;69816;78175;54845;QUILPUÉ;ORIGEN;1
5;5802;DE VALPARAÍSO;MARGA MARGA;LIMACHE;LIMACHE;CAPITAL COMUNAL;CIUDAD;39002;18735;20267;13845;LIMACHE;ORIGEN;1
5;5803;DE VALPARAÍSO;MARGA MARGA;OLMUÉ;OLMUÉ;CAPITAL COMUNAL;CIUDAD;11996;5799;6197;5760;OLMUÉ;ORIGEN;1
5;5804;DE VALPARAÍSO;MARGA MARGA;VILLA ALEMANA;VILLA ALEMANA;CAPITAL COMUNAL;CIUDAD;125140;59009;66131;44401;VILLA ALEMANA;ORIGEN;1
6;6101;DEL LIBERTADOR GENERAL BERNARDO O'HIGGINS;CACHAPOAL;RANCAGUA;RANCAGUA;CAPITAL REGIONAL;CIUDAD;231370;111853;119517;87085;RANCAGUA;ORIGEN;1
6;6101;DEL LIBERTADOR GENERAL BERNARDO O'HIGGINS;CACHAPOAL;RANCAGUA;PUNTA DE CORTÉS;URBANO;PUEBLO;1110;556;554;348;PUNTA DE CORTÉS;ORIGEN;1
6;6101;DEL LIBERTADOR GENERAL BERNARDO O'HIGGINS;CACHAPOAL;RANCAGUA;VILLA SAN RAMÓN DOS;URBANO;PUEBLO;1183;575;608;361;VILLA SAN RAMÓN DOS;ORIGEN;1
6;6102;DEL LIBERTADOR GENERAL BERNARDO O'HIGGINS;CACHAPOAL;CODEGUA;CODEGUA;CAPITAL COMUNAL;CIUDAD;6659;3258;3401;2246;CODEGUA;ORIGEN;1
6;6102;DEL LIBERTADOR GENERAL BERNARDO O'HIGGINS;CACHAPOAL;CODEGUA;LA COMPAÑÍA;URBANO;PUEBLO;345;189;156;111;LA COMPAÑÍA;ORIGEN-SACAR;2
6;6103;DEL LIBERTADOR GENERAL BERNARDO O'HIGGINS;CACHAPOAL;COINCO;COINCO;CAPITAL COMUNAL;PUEBLO;3407;1695;1712;1236;COINCO;ORIGEN;1
6;6104;DEL LIBERTADOR GENERAL BERNARDO O'HIGGINS;CACHAPOAL;COLTAUCO;LORETO - MOLINO;URBANO;PUEBLO;4181;2071;2110;1389;LORETO - MOLINO;ORIGEN;1
6;6104;DEL LIBERTADOR GENERAL BERNARDO O'HIGGINS;CACHAPOAL;COLTAUCO;DOÑIHUE;URBANO;CIUDAD;48;21;27;25;DOÑIHUE;ORIGEN-SACAR;2
6;6104;DEL LIBERTADOR GENERAL BERNARDO O'HIGGINS;CACHAPOAL;COLTAUCO;COLTAUCO;CAPITAL COMUNAL;CIUDAD;5461;2636;2825;2134;COLTAUCO;ORIGEN;1
6;6104;DEL LIBERTADOR GENERAL BERNARDO O'HIGGINS;CACHAPOAL;COLTAUCO;RINCONADA DE PARRAL;URBANO;PUEBLO;1450;747;703;494;RINCONADA DE PARRAL;ORIGEN;1
6;6105;DEL LIBERTADOR GENERAL BERNARDO O'HIGGINS;CACHAPOAL;DOÑIHUE;LO MIRANDA;URBANO;CIUDAD;9000;4463;4537;3201;LO MIRANDA;ORIGEN;1
6;6105;DEL LIBERTADOR GENERAL BERNARDO O'HIGGINS;CACHAPOAL;DOÑIHUE;DOÑIHUE;CAPITAL COMUNAL;CIUDAD;7401;3593;3808;2723;DOÑIHUE;ORIGEN;2
6;6106;DEL LIBERTADOR GENERAL BERNARDO O'HIGGINS;CACHAPOAL;GRANEROS;GRANEROS;CAPITAL COMUNAL;CIUDAD;28679;14120;14559;9790;GRANEROS;ORIGEN;1
6;6106;DEL LIBERTADOR GENERAL BERNARDO O'HIGGINS;CACHAPOAL;GRANEROS;LA COMPAÑÍA;URBANO;PUEBLO;1084;546;538;366;LA COMPAÑÍA;ORIGEN;2
6;6107;DEL LIBERTADOR GENERAL BERNARDO O'HIGGINS;CACHAPOAL;LAS CABRAS;LAS CABRAS;CAPITAL COMUNAL;CIUDAD;7766;3803;3963;2730;LAS CABRAS;ORIGEN;1
6;6107;DEL LIBERTADOR GENERAL BERNARDO O'HIGGINS;CACHAPOAL;LAS CABRAS;EL MANZANO;URBANO;PUEBLO;1630;857;773;796;EL MANZANO;ORIGEN;2
6;6108;DEL LIBERTADOR GENERAL BERNARDO O'HIGGINS;CACHAPOAL;MACHALÍ;MACHALÍ;CAPITAL COMUNAL;CIUDAD;48667;23538;25129;18016;MACHALÍ;ORIGEN;1
6;6108;DEL LIBERTADOR GENERAL BERNARDO O'HIGGINS;CACHAPOAL;MACHALÍ;COYA;URBANO;PUEBLO;2532;1320;1212;1003;COYA;ORIGEN;1
6;6109;DEL LIBERTADOR GENERAL BERNARDO O'HIGGINS;CACHAPOAL;MALLOA;MALLOA;CAPITAL COMUNAL;PUEBLO;2473;1245;1228;892;MALLOA;ORIGEN;1
6;6109;DEL LIBERTADOR GENERAL BERNARDO O'HIGGINS;CACHAPOAL;MALLOA;PELEQUÉN;URBANO;PUEBLO;2981;1527;1454;970;PELEQUÉN;ORIGEN;1
6;6110;DEL LIBERTADOR GENERAL BERNARDO O'HIGGINS;CACHAPOAL;MOSTAZAL;SAN FRANCISCO DE MOSTAZAL;URBANO;CIUDAD;12719;6283;6436;4261;SAN FRANCISCO DE MOSTAZAL;ORIGEN;1
6;6110;DEL LIBERTADOR GENERAL BERNARDO O'HIGGINS;CACHAPOAL;MOSTAZAL;LA PUNTA;URBANO;CIUDAD;6990;3502;3488;2491;LA PUNTA;ORIGEN;1
6;6110;DEL LIBERTADOR GENERAL BERNARDO O'HIGGINS;CACHAPOAL;MOSTAZAL;ANGOSTURA;URBANO;PUEBLO;1235;627;608;468;ANGOSTURA;ORIGEN-SACAR;2
6;6111;DEL LIBERTADOR GENERAL BERNARDO O'HIGGINS;CACHAPOAL;OLIVAR;GULTRO;URBANO;CIUDAD;5423;2736;2687;1785;GULTRO;ORIGEN;1
6;6111;DEL LIBERTADOR GENERAL BERNARDO O'HIGGINS;CACHAPOAL;OLIVAR;OLIVAR ALTO;CAPITAL COMUNAL;PUEBLO;2637;1293;1344;958;OLIVAR ALTO;ORIGEN;1
6;6111;DEL LIBERTADOR GENERAL BERNARDO O'HIGGINS;CACHAPOAL;OLIVAR;OLIVAR BAJO;URBANO;PUEBLO;1218;603;615;444;OLIVAR BAJO;ORIGEN;1
6;6112;DEL LIBERTADOR GENERAL BERNARDO O'HIGGINS;CACHAPOAL;PEUMO;PUNTA DE DIAMANTE;URBANO;CIUDAD;306;155;151;111;PUNTA DE DIAMANTE;ORIGEN;1
6;6112;DEL LIBERTADOR GENERAL BERNARDO O'HIGGINS;CACHAPOAL;PEUMO;PEUMO;CAPITAL COMUNAL;CIUDAD;8522;4242;4280;2974;PEUMO;ORIGEN;1
6;6112;DEL LIBERTADOR GENERAL BERNARDO O'HIGGINS;CACHAPOAL;PEUMO;ROSARIO CODAO CARRETERA;URBANO;PUEBLO;1431;716;715;456;ROSARIO CODAO CARRETERA;ORIGEN;1
6;6112;DEL LIBERTADOR GENERAL BERNARDO O'HIGGINS;CACHAPOAL;PEUMO;LA ESPERANZA - EL CORTIJO;URBANO;PUEBLO;1722;889;833;553;LA ESPERANZA - EL CORTIJO;ORIGEN;1
6;6113;DEL LIBERTADOR GENERAL BERNARDO O'HIGGINS;CACHAPOAL;PICHIDEGUA;CERRO PATAGUAS;URBANO;PUEBLO;2202;1157;1045;824;CERRO PATAGUAS;ORIGEN;1
6;6113;DEL LIBERTADOR GENERAL BERNARDO O'HIGGINS;CACHAPOAL;PICHIDEGUA;PICHIDEGUA;CAPITAL COMUNAL;CIUDAD;5604;2821;2783;1956;PICHIDEGUA;ORIGEN;1
6;6113;DEL LIBERTADOR GENERAL BERNARDO O'HIGGINS;CACHAPOAL;PICHIDEGUA;PATAGUAS ORILLA;URBANO;PUEBLO;1464;744;720;536;PATAGUAS ORILLA;ORIGEN;1
6;6114;DEL LIBERTADOR GENERAL BERNARDO O'HIGGINS;CACHAPOAL;QUINTA DE TILCOCO;QUINTA DE TILCOCO;CAPITAL COMUNAL;CIUDAD;7223;3545;3678;2582;QUINTA DE TILCOCO;ORIGEN;1
6;6115;DEL LIBERTADOR GENERAL BERNARDO O'HIGGINS;CACHAPOAL;RENGO;ROSARIO;URBANO;PUEBLO;4593;2335;2258;1602;ROSARIO;ORIGEN;1
6;6115;DEL LIBERTADOR GENERAL BERNARDO O'HIGGINS;CACHAPOAL;RENGO;RENGO;CAPITAL COMUNAL;CIUDAD;37721;18071;19650;13295;RENGO;ORIGEN;1
6;6115;DEL LIBERTADOR GENERAL BERNARDO O'HIGGINS;CACHAPOAL;RENGO;ESMERALDA;URBANO;PUEBLO;3421;1719;1702;1148;ESMERALDA;ORIGEN;1
6;6116;DEL LIBERTADOR GENERAL BERNARDO O'HIGGINS;CACHAPOAL;REQUÍNOA;LOS LIRIOS;URBANO;CIUDAD;4569;2293;2276;1452;LOS LIRIOS;ORIGEN;1
6;6116;DEL LIBERTADOR GENERAL BERNARDO O'HIGGINS;CACHAPOAL;REQUÍNOA;REQUÍNOA;CAPITAL COMUNAL;CIUDAD;10539;5191;5348;3389;REQUÍNOA;ORIGEN;1
6;6116;DEL LIBERTADOR GENERAL BERNARDO O'HIGGINS;CACHAPOAL;REQUÍNOA;SANTA AMALIA;URBANO;PUEBLO;1090;569;521;351;SANTA AMALIA;ORIGEN;1
6;6117;DEL LIBERTADOR GENERAL BERNARDO O'HIGGINS;CACHAPOAL;SAN VICENTE;SAN VICENTE DE TAGUA TAGUA;CAPITAL COMUNAL;CIUDAD;20827;10039;10788;7371;SAN VICENTE DE TAGUA TAGUA;ORIGEN;1
6;6117;DEL LIBERTADOR GENERAL BERNARDO O'HIGGINS;CACHAPOAL;SAN VICENTE;RASTROJOS;URBANO;PUEBLO;1569;799;770;566;RASTROJOS;ORIGEN;1
6;6117;DEL LIBERTADOR GENERAL BERNARDO O'HIGGINS;CACHAPOAL;SAN VICENTE;EL TAMBO;URBANO;PUEBLO;1136;576;560;355;EL TAMBO;ORIGEN-SACAR;2
6;6117;DEL LIBERTADOR GENERAL BERNARDO O'HIGGINS;CACHAPOAL;SAN VICENTE;REQUEGUA;URBANO;PUEBLO;1351;679;672;593;REQUEGUA;ORIGEN;1
6;6117;DEL LIBERTADOR GENERAL BERNARDO O'HIGGINS;CACHAPOAL;SAN VICENTE;EL MANZANO;URBANO;PUEBLO;1186;589;597;538;EL MANZANO;ORIGEN-SACAR;2
6;6201;DEL LIBERTADOR GENERAL BERNARDO O'HIGGINS;CARDENAL CARO;PICHILEMU;PICHILEMU;CAPITAL PROVINCIAL;CIUDAD;12776;6334;6442;9249;PICHILEMU;ORIGEN;1
6;6202;DEL LIBERTADOR GENERAL BERNARDO O'HIGGINS;CARDENAL CARO;LA ESTRELLA;LA ESTRELLA;URBANO;PUEBLO;1129;577;552;532;LA ESTRELLA;ORIGEN;1
6;6203;DEL LIBERTADOR GENERAL BERNARDO O'HIGGINS;CARDENAL CARO;LITUECHE;LITUECHE;CAPITAL COMUNAL;PUEBLO;3312;1698;1614;1409;LITUECHE;ORIGEN;1
6;6204;DEL LIBERTADOR GENERAL BERNARDO O'HIGGINS;CARDENAL CARO;MARCHIHUE;MARCHIHUE;CAPITAL COMUNAL;PUEBLO;2238;1053;1185;1048;MARCHIHUE;ORIGEN;1
6;6204;DEL LIBERTADOR GENERAL BERNARDO O'HIGGINS;CARDENAL CARO;MARCHIHUE;RINCONADA DE ALCONES;URBANO;PUEBLO;1080;597;483;450;RINCONADA DE ALCONES;ORIGEN;1
6;6206;DEL LIBERTADOR GENERAL BERNARDO O'HIGGINS;CARDENAL CARO;PAREDONES;PAREDONES;CAPITAL COMUNAL;PUEBLO;1841;919;922;827;PAREDONES;ORIGEN;1
6;6301;DEL LIBERTADOR GENERAL BERNARDO O'HIGGINS;COLCHAGUA;SAN FERNANDO;ANGOSTURA;URBANO;PUEBLO;1768;881;887;624;ANGOSTURA;ORIGEN;2
6;6301;DEL LIBERTADOR GENERAL BERNARDO O'HIGGINS;COLCHAGUA;SAN FERNANDO;SAN FERNANDO;CAPITAL PROVINCIAL;CIUDAD;58367;27995;30372;22068;SAN FERNANDO;ORIGEN;1
6;6301;DEL LIBERTADOR GENERAL BERNARDO O'HIGGINS;COLCHAGUA;SAN FERNANDO;QUILAPÁN - POLONIA;URBANO;PUEBLO;1021;520;501;351;QUILAPÁN - POLONIA;ORIGEN;1
6;6301;DEL LIBERTADOR GENERAL BERNARDO O'HIGGINS;COLCHAGUA;SAN FERNANDO;AGUA BUENA;URBANO;PUEBLO;1097;555;542;484;AGUA BUENA;ORIGEN;1
6;6301;DEL LIBERTADOR GENERAL BERNARDO O'HIGGINS;COLCHAGUA;SAN FERNANDO;PUENTE NEGRO;URBANO;PUEBLO;1228;601;627;654;PUENTE NEGRO;ORIGEN;1
6;6302;DEL LIBERTADOR GENERAL BERNARDO O'HIGGINS;COLCHAGUA;CHÉPICA;CHÉPICA;CAPITAL COMUNAL;CIUDAD;6146;3010;3136;2246;CHÉPICA;ORIGEN;1
6;6302;DEL LIBERTADOR GENERAL BERNARDO O'HIGGINS;COLCHAGUA;CHÉPICA;AUQUINCO;URBANO;PUEBLO;2485;1234;1251;1003;AUQUINCO;ORIGEN;1
6;6303;DEL LIBERTADOR GENERAL BERNARDO O'HIGGINS;COLCHAGUA;CHIMBARONGO;TINGUIRIRICA;URBANO;PUEBLO;2591;1287;1304;918;TINGUIRIRICA;ORIGEN;1
6;6303;DEL LIBERTADOR GENERAL BERNARDO O'HIGGINS;COLCHAGUA;CHIMBARONGO;CHIMBARONGO;CAPITAL COMUNAL;CIUDAD;16813;8238;8575;6127;CHIMBARONGO;ORIGEN;1
6;6303;DEL LIBERTADOR GENERAL BERNARDO O'HIGGINS;COLCHAGUA;CHIMBARONGO;LA CUESTA;URBANO;PUEBLO;1054;508;546;377;LA CUESTA;ORIGEN;1
6;6304;DEL LIBERTADOR GENERAL BERNARDO O'HIGGINS;COLCHAGUA;LOLOL;LOLOL;CAPITAL COMUNAL;PUEBLO;2382;1152;1230;993;LOLOL;ORIGEN;1
6;6305;DEL LIBERTADOR GENERAL BERNARDO O'HIGGINS;COLCHAGUA;NANCAGUA;NANCAGUA;CAPITAL COMUNAL;CIUDAD;8774;4258;4516;3216;NANCAGUA;ORIGEN;1
6;6305;DEL LIBERTADOR GENERAL BERNARDO O'HIGGINS;COLCHAGUA;NANCAGUA;CUNACO;URBANO;PUEBLO;2560;1263;1297;862;CUNACO;ORIGEN;1
6;6306;DEL LIBERTADOR GENERAL BERNARDO O'HIGGINS;COLCHAGUA;PALMILLA;PALMILLA;CAPITAL COMUNAL;PUEBLO;2366;1151;1215;834;PALMILLA;ORIGEN;1
6;6306;DEL LIBERTADOR GENERAL BERNARDO O'HIGGINS;COLCHAGUA;PALMILLA;SAN JOSÉ DEL CARMEN;URBANO;PUEBLO;1079;533;546;392;SAN JOSÉ DEL CARMEN;ORIGEN;1
6;6307;DEL LIBERTADOR GENERAL BERNARDO O'HIGGINS;COLCHAGUA;PERALILLO;POBLACIÓN;URBANO;PUEBLO;1331;660;671;620;POBLACIÓN;ORIGEN;1
6;6307;DEL LIBERTADOR GENERAL BERNARDO O'HIGGINS;COLCHAGUA;PERALILLO;PERALILLO;CAPITAL COMUNAL;CIUDAD;5304;2622;2682;1983;PERALILLO;ORIGEN;1
6;6308;DEL LIBERTADOR GENERAL BERNARDO O'HIGGINS;COLCHAGUA;PLACILLA;PLACILLA;CAPITAL COMUNAL;PUEBLO;2369;1197;1172;842;PLACILLA;ORIGEN-SACAR;2
6;6310;DEL LIBERTADOR GENERAL BERNARDO O'HIGGINS;COLCHAGUA;SANTA CRUZ;SANTA CRUZ;CAPITAL COMUNAL;CIUDAD;22681;10938;11743;8349;SANTA CRUZ;ORIGEN;1
7;7101;DEL MAULE;TALCA;TALCA;PANGUILEMO;URBANO;PUEBLO;1347;655;692;487;PANGUILEMO;ORIGEN;1
7;7101;DEL MAULE;TALCA;TALCA;HUILQUILEMU;URBANO;PUEBLO;2617;1279;1338;776;HUILQUILEMU;ORIGEN;1
7;7101;DEL MAULE;TALCA;TALCA;TALCA;CAPITAL REGIONAL;CIUDAD;206069;98428;107641;75749;TALCA;ORIGEN;1
7;7102;DEL MAULE;TALCA;CONSTITUCIÓN;LOS PELLINES;URBANO;PUEBLO;1093;534;559;1338;LOS PELLINES;ORIGEN-SACAR;2
7;7102;DEL MAULE;TALCA;CONSTITUCIÓN;CONSTITUCIÓN;CAPITAL COMUNAL;CIUDAD;34022;16778;17244;12873;CONSTITUCIÓN;ORIGEN;1
7;7102;DEL MAULE;TALCA;CONSTITUCIÓN;PUTÚ;URBANO;PUEBLO;2083;1027;1056;877;PUTÚ;ORIGEN;1
7;7103;DEL MAULE;TALCA;CUREPTO;CUREPTO;URBANO;PUEBLO;3368;1631;1737;1472;CUREPTO;ORIGEN;1
7;7104;DEL MAULE;TALCA;EMPEDRADO;EMPEDRADO;CAPITAL COMUNAL;PUEBLO;3005;1583;1422;1124;EMPEDRADO;ORIGEN;1
7;7105;DEL MAULE;TALCA;MAULE;MAULE;CAPITAL COMUNAL;CIUDAD;7039;3448;3591;2481;MAULE;ORIGEN;1
7;7105;DEL MAULE;TALCA;MAULE;CHACARILLAS;URBANO;PUEBLO;1452;726;726;461;CHACARILLAS;ORIGEN;1
7;7105;DEL MAULE;TALCA;MAULE;CULENAR;URBANO;CIUDAD;30278;14484;15794;11506;CULENAR;ORIGEN;1
7;7106;DEL MAULE;TALCA;PELARCO;PELARCO;CAPITAL COMUNAL;PUEBLO;2582;1249;1333;916;PELARCO;ORIGEN;1
7;7107;DEL MAULE;TALCA;PENCAHUE;PENCAHUE;CAPITAL COMUNAL;PUEBLO;2361;1164;1197;863;PENCAHUE;ORIGEN;1
7;7107;DEL MAULE;TALCA;PENCAHUE;LO FIGUEROA;URBANO;PUEBLO;1072;527;545;390;LO FIGUEROA;ORIGEN;1
7;7108;DEL MAULE;TALCA;RÍO CLARO;CUMPEO;CAPITAL COMUNAL;PUEBLO;4295;2104;2191;1549;CUMPEO;ORIGEN;1
7;7109;DEL MAULE;TALCA;SAN CLEMENTE;SAN CLEMENTE;CAPITAL COMUNAL;CIUDAD;20350;9577;10773;7217;SAN CLEMENTE;ORIGEN;1
7;7109;DEL MAULE;TALCA;SAN CLEMENTE;QUERI;URBANO;PUEBLO;1299;658;641;494;QUERI;ORIGEN;1
7;7110;DEL MAULE;TALCA;SAN RAFAEL;SAN RAFAEL;CAPITAL COMUNAL;PUEBLO;4960;2397;2563;1775;SAN RAFAEL;ORIGEN;3
7;7201;DEL MAULE;CAUQUENES;CAUQUENES;CAUQUENES;CAPITAL PROVINCIAL;CIUDAD;32135;14766;17369;13508;CAUQUENES;ORIGEN;1
7;7202;DEL MAULE;CAUQUENES;CHANCO;CHANCO;CAPITAL COMUNAL;PUEBLO;3888;1838;2050;1595;CHANCO;ORIGEN;1
7;7203;DEL MAULE;CAUQUENES;PELLUHUE;PELLUHUE;URBANO;PUEBLO;2824;1352;1472;2750;PELLUHUE;ORIGEN;1
7;7203;DEL MAULE;CAUQUENES;PELLUHUE;CURANIPE;URBANO;PUEBLO;1156;553;603;707;CURANIPE;ORIGEN;1
7;7301;DEL MAULE;CURICÓ;CURICÓ;SAN ALBERTO;URBANO;PUEBLO;1873;913;960;629;SAN ALBERTO;ORIGEN;1
7;7301;DEL MAULE;CURICÓ;CURICÓ;VILLA LOS NICHES;URBANO;PUEBLO;4604;2350;2254;1564;VILLA LOS NICHES;ORIGEN;1
7;7301;DEL MAULE;CURICÓ;CURICÓ;CURICÓ;CAPITAL PROVINCIAL;CIUDAD;125275;60246;65029;45576;CURICÓ;ORIGEN;1
7;7302;DEL MAULE;CURICÓ;HUALAÑÉ;HUALAÑÉ;CAPITAL COMUNAL;CIUDAD;5740;2865;2875;2426;HUALAÑÉ;ORIGEN;1
7;7303;DEL MAULE;CURICÓ;LICANTÉN;ILOCA;URBANO;PUEBLO;1655;857;798;1821;ILOCA;ORIGEN;1
7;7303;DEL MAULE;CURICÓ;LICANTÉN;LICANTÉN;CAPITAL COMUNAL;PUEBLO;3309;1597;1712;1362;LICANTÉN;ORIGEN;1
7;7304;DEL MAULE;CURICÓ;MOLINA;MOLINA;CAPITAL COMUNAL;CIUDAD;37189;18049;19140;13542;MOLINA;ORIGEN;1
7;7305;DEL MAULE;CURICÓ;RAUCO;RAUCO;CAPITAL COMUNAL;CIUDAD;5520;2679;2841;2023;RAUCO;ORIGEN;1
7;7306;DEL MAULE;CURICÓ;ROMERAL;ROMERAL;URBANO;CIUDAD;6480;3124;3356;2214;ROMERAL;ORIGEN;1
7;7307;DEL MAULE;CURICÓ;SAGRADA FAMILIA;SAGRADA FAMILIA;CAPITAL COMUNAL;PUEBLO;3298;1618;1680;1142;SAGRADA FAMILIA;ORIGEN;1
7;7307;DEL MAULE;CURICÓ;SAGRADA FAMILIA;VILLA PRAT;URBANO;PUEBLO;2671;1381;1290;1064;VILLA PRAT;ORIGEN;1
7;7307;DEL MAULE;CURICÓ;SAGRADA FAMILIA;LA ISLA;URBANO;PUEBLO;1893;934;959;689;LA ISLA;ORIGEN;1
7;7308;DEL MAULE;CURICÓ;TENO;TENO;CAPITAL COMUNAL;CIUDAD;9508;4638;4870;3430;TENO;ORIGEN;1
7;7309;DEL MAULE;CURICÓ;VICHUQUÉN;LLICO;URBANO;PUEBLO;1190;599;591;564;LLICO;ORIGEN;1
7;7401;DEL MAULE;LINARES;LINARES;LAS OBRAS;URBANO;PUEBLO;1358;687;671;480;LAS OBRAS;ORIGEN;1
7;7401;DEL MAULE;LINARES;LINARES;LINARES;CAPITAL PROVINCIAL;CIUDAD;73602;34455;39147;26860;LINARES;ORIGEN;1
7;7401;DEL MAULE;LINARES;LINARES;VARA GRUESA;URBANO;PUEBLO;2175;1092;1083;774;VARA GRUESA;ORIGEN;1
7;7402;DEL MAULE;LINARES;COLBÚN;COLBÚN;URBANO;CIUDAD;6928;3256;3672;2807;COLBÚN;ORIGEN;1
7;7402;DEL MAULE;LINARES;COLBÚN;PANIMÁVIDA;URBANO;PUEBLO;2057;968;1089;878;PANIMÁVIDA;ORIGEN;1
7;7403;DEL MAULE;LINARES;LONGAVÍ;LONGAVÍ;CAPITAL COMUNAL;CIUDAD;7098;3383;3715;2570;LONGAVÍ;ORIGEN;1
7;7403;DEL MAULE;LINARES;LONGAVÍ;LOS CRISTALES;URBANO;PUEBLO;2076;1052;1024;747;LOS CRISTALES;ORIGEN;1
7;7404;DEL MAULE;LINARES;PARRAL;PARRAL;CAPITAL COMUNAL;CIUDAD;30767;14495;16272;12107;PARRAL;ORIGEN;1
7;7405;DEL MAULE;LINARES;RETIRO;COPIHUE;URBANO;PUEBLO;1545;788;757;654;COPIHUE;ORIGEN;1
7;7405;DEL MAULE;LINARES;RETIRO;RETIRO;URBANO;CIUDAD;5498;2631;2867;2156;RETIRO;ORIGEN;1
7;7406;DEL MAULE;LINARES;SAN JAVIER;BOBADILLA;URBANO;PUEBLO;1885;918;967;732;BOBADILLA;ORIGEN;1
7;7406;DEL MAULE;LINARES;SAN JAVIER;SAN JAVIER;URBANO;CIUDAD;29017;13614;15403;10656;SAN JAVIER;ORIGEN;1
7;7406;DEL MAULE;LINARES;SAN JAVIER;ORILLA DE MAULE;URBANO;PUEBLO;1326;656;670;509;ORILLA DE MAULE;ORIGEN;1
7;7407;DEL MAULE;LINARES;VILLA ALEGRE;VILLA ALEGRE;URBANO;CIUDAD;8159;3814;4345;3428;VILLA ALEGRE;ORIGEN;1
7;7407;DEL MAULE;LINARES;VILLA ALEGRE;PEÑUELAS;URBANO;PUEBLO;185;94;91;62;PEÑUELAS;ORIGEN-SACAR;2
7;7407;DEL MAULE;LINARES;VILLA ALEGRE;ESTACIÓN VILLA ALEGRE;URBANO;PUEBLO;1284;620;664;548;ESTACIÓN VILLA ALEGRE;ORIGEN;1
7;7408;DEL MAULE;LINARES;YERBAS BUENAS;YERBAS BUENAS;URBANO;PUEBLO;2849;1380;1469;1062;YERBAS BUENAS;ORIGEN;1
7;7408;DEL MAULE;LINARES;YERBAS BUENAS;ABRÁNQUIL;URBANO;PUEBLO;1323;664;659;513;ABRÁNQUIL;ORIGEN;1
7;7408;DEL MAULE;LINARES;YERBAS BUENAS;PEÑUELAS;URBANO;PUEBLO;838;418;420;294;PEÑUELAS;ORIGEN;2
7;7408;DEL MAULE;LINARES;YERBAS BUENAS;CINCO CAMINOS;URBANO;PUEBLO;1066;519;547;380;CINCO CAMINOS;ORIGEN;1
8;8101;DEL BIOBÍO;CONCEPCIÓN;CONCEPCIÓN;CONCEPCIÓN;CAPITAL REGIONAL;CIUDAD;217537;104456;113081;83701;CONCEPCIÓN;ORIGEN;1
8;8102;DEL BIOBÍO;CONCEPCIÓN;CORONEL;CORONEL;CAPITAL COMUNAL;CIUDAD;112057;53665;58392;39410;CORONEL;ORIGEN;1
8;8103;DEL BIOBÍO;CONCEPCIÓN;CHIGUAYANTE;CHIGUAYANTE;CAPITAL COMUNAL;CIUDAD;85633;40350;45283;28828;CHIGUAYANTE;ORIGEN;1
8;8104;DEL BIOBÍO;CONCEPCIÓN;FLORIDA;FLORIDA;CAPITAL COMUNAL;PUEBLO;4525;2164;2361;1737;FLORIDA;ORIGEN;1
8;8105;DEL BIOBÍO;CONCEPCIÓN;HUALQUI;HUALQUI;CAPITAL COMUNAL;CIUDAD;19643;9395;10248;6412;HUALQUI;ORIGEN;1
8;8105;DEL BIOBÍO;CONCEPCIÓN;HUALQUI;TALCAMÁVIDA;URBANO;PUEBLO;1200;612;588;576;TALCAMÁVIDA;ORIGEN;1
8;8106;DEL BIOBÍO;CONCEPCIÓN;LOTA;LOTA;CAPITAL COMUNAL;CIUDAD;43272;20808;22464;15323;LOTA;ORIGEN;1
8;8107;DEL BIOBÍO;CONCEPCIÓN;PENCO;PENCO;CAPITAL COMUNAL;CIUDAD;46718;22261;24457;15531;PENCO;ORIGEN;1
8;8108;DEL BIOBÍO;CONCEPCIÓN;SAN PEDRO DE LA PAZ;SAN PEDRO DE LA PAZ;CAPITAL COMUNAL;CIUDAD;131521;62811;68710;47405;SAN PEDRO DE LA PAZ;ORIGEN;1
8;8109;DEL BIOBÍO;CONCEPCIÓN;SANTA JUANA;SANTA JUANA;CAPITAL COMUNAL;CIUDAD;9549;4494;5055;3569;SANTA JUANA;ORIGEN;1
8;8110;DEL BIOBÍO;CONCEPCIÓN;TALCAHUANO;CALETA TUMBES;URBANO;PUEBLO;1880;945;935;605;CALETA TUMBES;ORIGEN;1
8;8110;DEL BIOBÍO;CONCEPCIÓN;TALCAHUANO;TALCAHUANO;CAPITAL COMUNAL;CIUDAD;147831;70641;77190;49716;TALCAHUANO;ORIGEN;1
8;8111;DEL BIOBÍO;CONCEPCIÓN;TOMÉ;DICHATO;URBANO;PUEBLO;4486;2165;2321;3125;DICHATO;ORIGEN;1
8;8111;DEL BIOBÍO;CONCEPCIÓN;TOMÉ;RAFAEL;URBANO;PUEBLO;1305;609;696;538;RAFAEL;ORIGEN;1
8;8111;DEL BIOBÍO;CONCEPCIÓN;TOMÉ;TOMÉ;CAPITAL COMUNAL;CIUDAD;42312;19613;22699;16129;TOMÉ;ORIGEN;1
8;8111;DEL BIOBÍO;CONCEPCIÓN;TOMÉ;PUNTA DE PARRA;URBANO;PUEBLO;1102;536;566;365;PUNTA DE PARRA;ORIGEN;1
8;8112;DEL BIOBÍO;CONCEPCIÓN;HUALPÉN;HUALPÉN;CAPITAL COMUNAL;CIUDAD;90704;42946;47758;30389;HUALPÉN;ORIGEN;1
8;8201;DEL BIOBÍO;ARAUCO;LEBU;LEBU;CAPITAL PROVINCIAL;CIUDAD;20961;10146;10815;7273;LEBU;ORIGEN;1
8;8201;DEL BIOBÍO;ARAUCO;LEBU;SANTA ROSA;URBANO;PUEBLO;1168;581;587;449;SANTA ROSA;ORIGEN;1
8;8201;DEL BIOBÍO;ARAUCO;LEBU;PEHUÉN;URBANO;PUEBLO;1320;626;694;510;PEHUÉN;ORIGEN;1
8;8202;DEL BIOBÍO;ARAUCO;ARAUCO;LARAQUETE;URBANO;CIUDAD;5014;2418;2596;1666;LARAQUETE;ORIGEN;1
8;8202;DEL BIOBÍO;ARAUCO;ARAUCO;ARAUCO;CAPITAL COMUNAL;CIUDAD;17597;8519;9078;6253;ARAUCO;ORIGEN;1
8;8202;DEL BIOBÍO;ARAUCO;ARAUCO;CARAMPANGUE;URBANO;PUEBLO;3364;1652;1712;1145;CARAMPANGUE;ORIGEN;1
8;8202;DEL BIOBÍO;ARAUCO;ARAUCO;RAMADILLAS;URBANO;PUEBLO;1299;682;617;459;RAMADILLAS;ORIGEN;1
8;8203;DEL BIOBÍO;ARAUCO;CAÑETE;CAÑETE;CAPITAL COMUNAL;CIUDAD;19398;9032;10366;7098;CAÑETE;ORIGEN;1
8;8204;DEL BIOBÍO;ARAUCO;CONTULMO;CONTULMO;CAPITAL COMUNAL;PUEBLO;3061;1460;1601;1228;CONTULMO;ORIGEN;1
8;8205;DEL BIOBÍO;ARAUCO;CURANILAHUE;CURANILAHUE;CAPITAL COMUNAL;CIUDAD;30139;14652;15487;10286;CURANILAHUE;ORIGEN;1
8;8206;DEL BIOBÍO;ARAUCO;LOS ÁLAMOS;LOS ÁLAMOS;CAPITAL COMUNAL;CIUDAD;15244;7294;7950;5536;LOS ÁLAMOS;ORIGEN;1
8;8206;DEL BIOBÍO;ARAUCO;LOS ÁLAMOS;ANTIGUALA;URBANO;PUEBLO;3461;1739;1722;1268;ANTIGUALA;ORIGEN;1
8;8207;DEL BIOBÍO;ARAUCO;TIRÚA;TIRÚA;CAPITAL COMUNAL;PUEBLO;2637;1280;1357;1094;TIRÚA;ORIGEN;1
8;8207;DEL BIOBÍO;ARAUCO;TIRÚA;QUIDICO;URBANO;PUEBLO;1017;497;520;508;QUIDICO;ORIGEN;1
8;8301;DEL BIOBÍO;BIOBÍO;LOS ÁNGELES;MILLANTÚ;URBANO;PUEBLO;1387;676;711;512;MILLANTÚ;ORIGEN;1
8;8301;DEL BIOBÍO;BIOBÍO;LOS ÁNGELES;LOS ÁNGELES;CAPITAL PROVINCIAL;CIUDAD;143023;67985;75038;52196;LOS ÁNGELES;ORIGEN;1
8;8301;DEL BIOBÍO;BIOBÍO;LOS ÁNGELES;SANTA FÉ;URBANO;PUEBLO;2305;1119;1186;843;SANTA FÉ;ORIGEN;1
8;8301;DEL BIOBÍO;BIOBÍO;LOS ÁNGELES;SAN CARLOS DE PURÉN;URBANO;PUEBLO;1578;762;816;557;SAN CARLOS DE PURÉN;ORIGEN;1
8;8301;DEL BIOBÍO;BIOBÍO;LOS ÁNGELES;VIRQUENCO;URBANO;PUEBLO;1146;569;577;371;VIRQUENCO;ORIGEN;1
8;8301;DEL BIOBÍO;BIOBÍO;LOS ÁNGELES;PUEBLO NUEVO;URBANO;PUEBLO;1108;529;579;372;PUEBLO NUEVO;ORIGEN;1
8;8302;DEL BIOBÍO;BIOBÍO;ANTUCO;ANTUCO;CAPITAL COMUNAL;PUEBLO;2038;929;1109;860;ANTUCO;ORIGEN;1
8;8303;DEL BIOBÍO;BIOBÍO;CABRERO;CABRERO;CAPITAL COMUNAL;CIUDAD;14978;7305;7673;5376;CABRERO;ORIGEN;1
8;8303;DEL BIOBÍO;BIOBÍO;CABRERO;MONTE ÁGUILA;URBANO;CIUDAD;6574;3166;3408;2447;MONTE ÁGUILA;ORIGEN;1
8;8304;DEL BIOBÍO;BIOBÍO;LAJA;LA LAJA;CAPITAL COMUNAL;CIUDAD;16089;7580;8509;5964;LA LAJA;ORIGEN;1
8;8305;DEL BIOBÍO;BIOBÍO;MULCHÉN;MULCHÉN;CAPITAL COMUNAL;CIUDAD;24113;11625;12488;8254;MULCHÉN;ORIGEN;1
8;8306;DEL BIOBÍO;BIOBÍO;NACIMIENTO;NACIMIENTO;CAPITAL COMUNAL;CIUDAD;22857;11017;11840;8137;NACIMIENTO;ORIGEN;1
8;8307;DEL BIOBÍO;BIOBÍO;NEGRETE;COIHUE;URBANO;PUEBLO;1202;580;622;431;COIHUE;ORIGEN;1
8;8307;DEL BIOBÍO;BIOBÍO;NEGRETE;NEGRETE;CAPITAL COMUNAL;PUEBLO;4844;2355;2489;1670;NEGRETE;ORIGEN;1
8;8308;DEL BIOBÍO;BIOBÍO;QUILACO;QUILACO;CAPITAL COMUNAL;PUEBLO;1816;878;938;738;QUILACO;ORIGEN;1
8;8309;DEL BIOBÍO;BIOBÍO;QUILLECO;LAS CANTERAS;URBANO;PUEBLO;2013;959;1054;711;LAS CANTERAS;ORIGEN-SACAR;2
8;8309;DEL BIOBÍO;BIOBÍO;QUILLECO;VILLA MERCEDES;URBANO;PUEBLO;1516;783;733;585;VILLA MERCEDES;ORIGEN;1
8;8309;DEL BIOBÍO;BIOBÍO;QUILLECO;QUILLECO;CAPITAL COMUNAL;PUEBLO;2027;950;1077;786;QUILLECO;ORIGEN;1
8;8310;DEL BIOBÍO;BIOBÍO;SAN ROSENDO;SAN ROSENDO;CAPITAL COMUNAL;CIUDAD;2858;1363;1495;1103;SAN ROSENDO;ORIGEN;1
8;8311;DEL BIOBÍO;BIOBÍO;SANTA BÁRBARA;SANTA BÁRBARA;CAPITAL COMUNAL;CIUDAD;7943;3686;4257;2939;SANTA BÁRBARA;ORIGEN;1
8;8312;DEL BIOBÍO;BIOBÍO;TUCAPEL;HUÉPIL;URBANO;CIUDAD;7780;3681;4099;3301;HUÉPIL;ORIGEN;1
8;8312;DEL BIOBÍO;BIOBÍO;TUCAPEL;TUCAPEL;CAPITAL COMUNAL;PUEBLO;3029;1491;1538;1389;TUCAPEL;ORIGEN;1
8;8312;DEL BIOBÍO;BIOBÍO;TUCAPEL;POLCURA;URBANO;PUEBLO;1064;530;534;512;POLCURA;ORIGEN;1
8;8313;DEL BIOBÍO;BIOBÍO;YUMBEL;YUMBEL;CAPITAL COMUNAL;CIUDAD;9751;4665;5086;3688;YUMBEL;ORIGEN;1
8;8313;DEL BIOBÍO;BIOBÍO;YUMBEL;ESTACIÓN YUMBEL;URBANO;PUEBLO;2930;1409;1521;1199;ESTACIÓN YUMBEL;ORIGEN;1
9;9101;DE LA ARAUCANÍA;CAUTÍN;TEMUCO;PORTAL SAN FRANCISCO;URBANO;PUEBLO;2780;1275;1505;910;PORTAL SAN FRANCISCO;ORIGEN;1
9;9101;DE LA ARAUCANÍA;CAUTÍN;TEMUCO;LABRANZA;URBANO;CIUDAD;24008;11270;12738;8841;LABRANZA;ORIGEN;1
9;9101;DE LA ARAUCANÍA;CAUTÍN;TEMUCO;TEMUCO;CAPITAL REGIONAL;CIUDAD;235509;111545;123964;87816;TEMUCO;ORIGEN;1
9;9102;DE LA ARAUCANÍA;CAUTÍN;CARAHUE;TROVOLHUE;URBANO;PUEBLO;1860;875;985;816;TROVOLHUE;ORIGEN;1
9;9102;DE LA ARAUCANÍA;CAUTÍN;CARAHUE;CARAHUE;CAPITAL COMUNAL;CIUDAD;11325;5381;5944;4109;CARAHUE;ORIGEN;1
9;9103;DE LA ARAUCANÍA;CAUTÍN;CUNCO;CUNCO;CAPITAL COMUNAL;CIUDAD;7166;3384;3782;2704;CUNCO;ORIGEN;1
9;9103;DE LA ARAUCANÍA;CAUTÍN;CUNCO;LOS LAURELES;URBANO;PUEBLO;1428;690;738;654;LOS LAURELES;ORIGEN;1
9;9104;DE LA ARAUCANÍA;CAUTÍN;CURARREHUE;CURARREHUE;CAPITAL COMUNAL;PUEBLO;2148;1042;1106;931;CURARREHUE;ORIGEN;1
9;9105;DE LA ARAUCANÍA;CAUTÍN;FREIRE;QUEPE;URBANO;PUEBLO;2226;1059;1167;798;QUEPE;ORIGEN;1
9;9105;DE LA ARAUCANÍA;CAUTÍN;FREIRE;FREIRE;CAPITAL COMUNAL;CIUDAD;5443;2621;2822;1823;FREIRE;ORIGEN;1
9;9106;DE LA ARAUCANÍA;CAUTÍN;GALVARINO;GALVARINO;CAPITAL COMUNAL;PUEBLO;4067;1918;2149;1458;GALVARINO;ORIGEN;1
9;9107;DE LA ARAUCANÍA;CAUTÍN;GORBEA;GORBEA;CAPITAL COMUNAL;CIUDAD;8592;3985;4607;3315;GORBEA;ORIGEN;1
9;9107;DE LA ARAUCANÍA;CAUTÍN;GORBEA;LASTARRIA;URBANO;PUEBLO;1562;771;791;696;LASTARRIA;ORIGEN;1
9;9108;DE LA ARAUCANÍA;CAUTÍN;LAUTARO;LAUTARO;CAPITAL COMUNAL;CIUDAD;24280;11426;12854;8816;LAUTARO;ORIGEN;1
9;9108;DE LA ARAUCANÍA;CAUTÍN;LAUTARO;PILLANLELBÚN;URBANO;PUEBLO;2642;1284;1358;949;PILLANLELBÚN;ORIGEN;1
9;9109;DE LA ARAUCANÍA;CAUTÍN;LONCOCHE;HUISCAPI;URBANO;PUEBLO;1204;563;641;538;HUISCAPI;ORIGEN;1
9;9109;DE LA ARAUCANÍA;CAUTÍN;LONCOCHE;LONCOCHE;CAPITAL COMUNAL;CIUDAD;15303;7268;8035;6054;LONCOCHE;ORIGEN;1
9;9110;DE LA ARAUCANÍA;CAUTÍN;MELIPEUCO;MELIPEUCO;CAPITAL COMUNAL;PUEBLO;2722;1303;1419;1095;MELIPEUCO;ORIGEN;1
9;9111;DE LA ARAUCANÍA;CAUTÍN;NUEVA IMPERIAL;NUEVA IMPERIAL;CAPITAL COMUNAL;CIUDAD;18751;8817;9934;6416;NUEVA IMPERIAL;ORIGEN;1
9;9112;DE LA ARAUCANÍA;CAUTÍN;PADRE LAS CASAS;PADRE LAS CASAS;CAPITAL COMUNAL;CIUDAD;42020;19764;22256;14741;PADRE LAS CASAS;ORIGEN;1
9;9112;DE LA ARAUCANÍA;CAUTÍN;PADRE LAS CASAS;SAN RAMÓN;URBANO;PUEBLO;3307;1547;1760;1247;SAN RAMÓN;ORIGEN-SACAR;2
9;9113;DE LA ARAUCANÍA;CAUTÍN;PERQUENCO;PERQUENCO;CAPITAL COMUNAL;PUEBLO;3561;1705;1856;1430;PERQUENCO;ORIGEN;1
9;9114;DE LA ARAUCANÍA;CAUTÍN;PITRUFQUÉN;PITRUFQUÉN;CAPITAL COMUNAL;CIUDAD;16516;7774;8742;6165;PITRUFQUÉN;ORIGEN;1
9;9115;DE LA ARAUCANÍA;CAUTÍN;PUCÓN;PUCÓN;CAPITAL COMUNAL;CIUDAD;17538;8457;9081;10291;PUCÓN;ORIGEN;1
9;9116;DE LA ARAUCANÍA;CAUTÍN;SAAVEDRA;PUERTO SAAVEDRA;CAPITAL COMUNAL;PUEBLO;2659;1210;1449;1234;PUERTO SAAVEDRA;ORIGEN;1
9;9117;DE LA ARAUCANÍA;CAUTÍN;TEODORO SCHMIDT;TEODORO SCHMIDT;CAPITAL COMUNAL;PUEBLO;2850;1338;1512;1187;TEODORO SCHMIDT;ORIGEN;1
9;9117;DE LA ARAUCANÍA;CAUTÍN;TEODORO SCHMIDT;GUALPÍN;URBANO;PUEBLO;2536;1228;1308;1050;GUALPÍN;ORIGEN;1
9;9118;DE LA ARAUCANÍA;CAUTÍN;TOLTÉN;NUEVA TOLTÉN;CAPITAL COMUNAL;PUEBLO;2560;1230;1330;1021;NUEVA TOLTÉN;ORIGEN;1
9;9118;DE LA ARAUCANÍA;CAUTÍN;TOLTÉN;QUEULE;URBANO;PUEBLO;1304;637;667;585;QUEULE;ORIGEN;1
9;9119;DE LA ARAUCANÍA;CAUTÍN;VILCÚN;VILCÚN;CAPITAL COMUNAL;CIUDAD;6416;3028;3388;2595;VILCÚN;ORIGEN;1
9;9119;DE LA ARAUCANÍA;CAUTÍN;VILCÚN;CAJÓN;URBANO;CIUDAD;5673;2744;2929;1923;CAJÓN;ORIGEN;1
9;9119;DE LA ARAUCANÍA;CAUTÍN;VILCÚN;CHERQUENCO;URBANO;PUEBLO;2149;1036;1113;897;CHERQUENCO;ORIGEN;1
9;9119;DE LA ARAUCANÍA;CAUTÍN;VILCÚN;GENERAL LÓPEZ;URBANO;PUEBLO;1041;515;526;589;GENERAL LÓPEZ;ORIGEN;1
9;9120;DE LA ARAUCANÍA;CAUTÍN;VILLARRICA;ÑANCUL;URBANO;PUEBLO;1620;790;830;630;ÑANCUL;ORIGEN;1
9;9120;DE LA ARAUCANÍA;CAUTÍN;VILLARRICA;LICÁN RAY;URBANO;PUEBLO;2642;1287;1355;2596;LICÁN RAY;ORIGEN;1
9;9120;DE LA ARAUCANÍA;CAUTÍN;VILLARRICA;VILLARRICA;CAPITAL COMUNAL;CIUDAD;31780;15182;16598;12855;VILLARRICA;ORIGEN;1
9;9121;DE LA ARAUCANÍA;CAUTÍN;CHOLCHOL;CHOLCHOL;CAPITAL COMUNAL;PUEBLO;4327;2006;2321;1429;CHOLCHOL;ORIGEN;1
9;9201;DE LA ARAUCANÍA;MALLECO;ANGOL;ANGOL;CAPITAL PROVINCIAL;CIUDAD;48608;23074;25534;17380;ANGOL;ORIGEN;1
9;9202;DE LA ARAUCANÍA;MALLECO;COLLIPULLI;COLLIPULLI;CAPITAL COMUNAL;CIUDAD;16175;7649;8526;5974;COLLIPULLI;ORIGEN;1
9;9202;DE LA ARAUCANÍA;MALLECO;COLLIPULLI;MININCO;URBANO;PUEBLO;2005;1016;989;722;MININCO;ORIGEN;1
9;9203;DE LA ARAUCANÍA;MALLECO;CURACAUTÍN;CURACAUTÍN;CAPITAL COMUNAL;CIUDAD;12679;5881;6798;5383;CURACAUTÍN;ORIGEN;1
9;9204;DE LA ARAUCANÍA;MALLECO;ERCILLA;ERCILLA;CAPITAL COMUNAL;PUEBLO;2302;1050;1252;919;ERCILLA;ORIGEN;1
9;9204;DE LA ARAUCANÍA;MALLECO;ERCILLA;PAILAHUEQUE;URBANO;PUEBLO;1311;638;673;520;PAILAHUEQUE;ORIGEN;1
9;9205;DE LA ARAUCANÍA;MALLECO;LONQUIMAY;LONQUIMAY;CAPITAL COMUNAL;PUEBLO;3562;1853;1709;1511;LONQUIMAY;ORIGEN;1
9;9206;DE LA ARAUCANÍA;MALLECO;LOS SAUCES;LOS SAUCES;CAPITAL COMUNAL;PUEBLO;4362;2064;2298;1740;LOS SAUCES;ORIGEN;1
9;9207;DE LA ARAUCANÍA;MALLECO;LUMACO;LUMACO;CAPITAL COMUNAL;PUEBLO;1408;684;724;605;LUMACO;ORIGEN;1
9;9207;DE LA ARAUCANÍA;MALLECO;LUMACO;CAPITÁN PASTENE;URBANO;PUEBLO;2612;1293;1319;1076;CAPITÁN PASTENE;ORIGEN;1
9;9208;DE LA ARAUCANÍA;MALLECO;PURÉN;PURÉN;CAPITAL COMUNAL;CIUDAD;7524;3509;4015;3106;PURÉN;ORIGEN;1
9;9209;DE LA ARAUCANÍA;MALLECO;RENAICO;TIJERAL;URBANO;PUEBLO;1793;873;920;680;TIJERAL;ORIGEN;1
9;9209;DE LA ARAUCANÍA;MALLECO;RENAICO;RENAICO;CAPITAL COMUNAL;CIUDAD;6516;3052;3464;2518;RENAICO;ORIGEN;1
9;9210;DE LA ARAUCANÍA;MALLECO;TRAIGUÉN;TRAIGUÉN;CAPITAL COMUNAL;CIUDAD;14257;6576;7681;5628;TRAIGUÉN;ORIGEN;1
9;9211;DE LA ARAUCANÍA;MALLECO;VICTORIA;VICTORIA;CAPITAL COMUNAL;CIUDAD;24773;11567;13206;8926;VICTORIA;ORIGEN;1
10;10101;DE LOS LAGOS;LLANQUIHUE;PUERTO MONTT;ALERCE;URBANO;CIUDAD;42267;20212;22055;14021;ALERCE;ORIGEN;1
10;10101;DE LOS LAGOS;LLANQUIHUE;PUERTO MONTT;PUERTO MONTT;CAPITAL REGIONAL;CIUDAD;169736;83227;86509;64797;PUERTO MONTT;ORIGEN;1
10;10101;DE LOS LAGOS;LLANQUIHUE;PUERTO MONTT;LA VARA;URBANO;PUEBLO;3010;1533;1477;1086;LA VARA;ORIGEN;1
10;10101;DE LOS LAGOS;LLANQUIHUE;PUERTO MONTT;SENDA SUR;URBANO;PUEBLO;1043;536;507;461;SENDA SUR;ORIGEN;1
10;10101;DE LOS LAGOS;LLANQUIHUE;PUERTO MONTT;COIHUÍN;URBANO;PUEBLO;1543;768;775;618;COIHUÍN;ORIGEN;1
10;10101;DE LOS LAGOS;LLANQUIHUE;PUERTO MONTT;EL TEPUAL;URBANO;PUEBLO;1144;584;560;475;EL TEPUAL;ORIGEN;1
10;10102;DE LOS LAGOS;LLANQUIHUE;CALBUCO;CALBUCO;CAPITAL COMUNAL;CIUDAD;15903;7776;8127;5991;CALBUCO;ORIGEN;1
10;10104;DE LOS LAGOS;LLANQUIHUE;FRESIA;FRESIA;CAPITAL COMUNAL;CIUDAD;7328;3549;3779;2792;FRESIA;ORIGEN;1
10;10105;DE LOS LAGOS;LLANQUIHUE;FRUTILLAR;FRUTILLAR;CAPITAL COMUNAL;CIUDAD;12876;6233;6643;5226;FRUTILLAR;ORIGEN;1
10;10106;DE LOS LAGOS;LLANQUIHUE;LOS MUERMOS;LOS MUERMOS;CAPITAL COMUNAL;CIUDAD;7928;3739;4189;2962;LOS MUERMOS;ORIGEN;1
10;10107;DE LOS LAGOS;LLANQUIHUE;LLANQUIHUE;LOS PELLINES;URBANO;PUEBLO;1159;569;590;409;LOS PELLINES;ORIGEN;2
10;10107;DE LOS LAGOS;LLANQUIHUE;LLANQUIHUE;LLANQUIHUE;CAPITAL COMUNAL;CIUDAD;12945;6269;6676;4260;LLANQUIHUE;ORIGEN;1
10;10108;DE LOS LAGOS;LLANQUIHUE;MAULLÍN;MAULLÍN;CAPITAL COMUNAL;PUEBLO;3797;1835;1962;1505;MAULLÍN;ORIGEN;1
10;10108;DE LOS LAGOS;LLANQUIHUE;MAULLÍN;CARELMAPU;URBANO;PUEBLO;2824;1408;1416;1233;CARELMAPU;ORIGEN;1
10;10109;DE LOS LAGOS;LLANQUIHUE;PUERTO VARAS;PUERTO VARAS;CAPITAL COMUNAL;CIUDAD;26172;12541;13631;9644;PUERTO VARAS;ORIGEN;1
10;10109;DE LOS LAGOS;LLANQUIHUE;PUERTO VARAS;NUEVA BRAUNAU;URBANO;PUEBLO;3290;1615;1675;1124;NUEVA BRAUNAU;ORIGEN;1
10;10109;DE LOS LAGOS;LLANQUIHUE;PUERTO VARAS;MIRADOR DE PUERTO VARAS;URBANO;PUEBLO;2665;1268;1397;1143;MIRADOR DE PUERTO VARAS;ORIGEN;1
10;10201;DE LOS LAGOS;CHILOÉ;CASTRO;CASTRO;CAPITAL PROVINCIAL;CIUDAD;33417;16276;17141;13097;CASTRO;ORIGEN;1
10;10202;DE LOS LAGOS;CHILOÉ;ANCUD;ANCUD;CAPITAL COMUNAL;CIUDAD;28162;13419;14743;11063;ANCUD;ORIGEN;1
10;10203;DE LOS LAGOS;CHILOÉ;CHONCHI;CHONCHI;CAPITAL COMUNAL;CIUDAD;5632;2790;2842;2126;CHONCHI;ORIGEN;1
10;10204;DE LOS LAGOS;CHILOÉ;CURACO DE VÉLEZ;CURACO DE VÉLEZ;CAPITAL COMUNAL;PUEBLO;1100;505;595;475;CURACO DE VÉLEZ;ORIGEN;1
10;10205;DE LOS LAGOS;CHILOÉ;DALCAHUE;DALCAHUE;CAPITAL COMUNAL;CIUDAD;7120;3494;3626;2644;DALCAHUE;ORIGEN;1
10;10207;DE LOS LAGOS;CHILOÉ;QUEILÉN;QUEILÉN;CAPITAL COMUNAL;PUEBLO;2306;1154;1152;948;QUEILÉN;ORIGEN;1
10;10208;DE LOS LAGOS;CHILOÉ;QUELLÓN;QUELLÓN;CAPITAL COMUNAL;CIUDAD;17552;8687;8865;6708;QUELLÓN;ORIGEN;1
10;10209;DE LOS LAGOS;CHILOÉ;QUEMCHI;QUEMCHI;CAPITAL COMUNAL;PUEBLO;2492;1206;1286;1121;QUEMCHI;ORIGEN;1
10;10210;DE LOS LAGOS;CHILOÉ;QUINCHAO;ACHAO;CAPITAL COMUNAL;PUEBLO;3196;1448;1748;1330;ACHAO;ORIGEN;1
10;10301;DE LOS LAGOS;OSORNO;OSORNO;OSORNO;CAPITAL PROVINCIAL;CIUDAD;147666;70075;77591;54704;OSORNO;ORIGEN;1
10;10302;DE LOS LAGOS;OSORNO;PUERTO OCTAY;PUERTO OCTAY;CAPITAL COMUNAL;PUEBLO;2049;1038;1011;756;PUERTO OCTAY;ORIGEN;1
10;10303;DE LOS LAGOS;OSORNO;PURRANQUE;PURRANQUE;CAPITAL COMUNAL;CIUDAD;12614;5978;6636;4444;PURRANQUE;ORIGEN;1
10;10303;DE LOS LAGOS;OSORNO;PURRANQUE;CORTE ALTO;URBANO;PUEBLO;1774;853;921;678;CORTE ALTO;ORIGEN;1
10;10304;DE LOS LAGOS;OSORNO;PUYEHUE;ENTRE LAGOS;CAPITAL COMUNAL;PUEBLO;4993;2396;2597;1831;ENTRE LAGOS;ORIGEN;1
10;10305;DE LOS LAGOS;OSORNO;RÍO NEGRO;RÍO NEGRO;CAPITAL COMUNAL;CIUDAD;6978;3312;3666;2635;RÍO NEGRO;ORIGEN;2
10;10306;DE LOS LAGOS;OSORNO;SAN JUAN DE LA COSTA;BAHÍA MANSA - MUICOLPUE;URBANO;PUEBLO;1170;612;558;1687;BAHÍA MANSA - MUICOLPUE;ORIGEN;1
10;10307;DE LOS LAGOS;OSORNO;SAN PABLO;SAN PABLO;CAPITAL COMUNAL;PUEBLO;4600;2172;2428;1698;SAN PABLO;ORIGEN;1
10;10401;DE LOS LAGOS;PALENA;CHAITÉN;CHAITÉN;CAPITAL COMUNAL;CIUDAD;1639;864;775;738;CHAITÉN;ORIGEN;1
10;10402;DE LOS LAGOS;PALENA;FUTALEUFÚ;FUTALEUFÚ;CAPITAL COMUNAL;PUEBLO;1831;932;899;923;FUTALEUFÚ;ORIGEN;1
10;10403;DE LOS LAGOS;PALENA;HUALAIHUÉ;RÍO NEGRO;CAPITAL COMUNAL;PUEBLO;3629;1819;1810;1680;RÍO NEGRO;ORIGEN-SACAR;2
10;10404;DE LOS LAGOS;PALENA;PALENA;PALENA;CAPITAL COMUNAL;PUEBLO;1045;516;529;556;PALENA;ORIGEN;1
11;11101;DE AYSÉN DEL GENERAL CARLOS IBÁÑEZ DEL CAMPO;COYHAIQUE;COYHAIQUE;COYHAIQUE;CAPITAL REGIONAL;CIUDAD;49667;24166;25501;18848;COYHAIQUE;ORIGEN;1
11;11201;DE AYSÉN DEL GENERAL CARLOS IBÁÑEZ DEL CAMPO;AYSÉN;AYSÉN;PUERTO AYSÉN;CAPITAL PROVINCIAL;CIUDAD;17441;8805;8636;6660;PUERTO AYSÉN;ORIGEN;1
11;11201;DE AYSÉN DEL GENERAL CARLOS IBÁÑEZ DEL CAMPO;AYSÉN;AYSÉN;PUERTO CHACABUCO;URBANO;PUEBLO;1239;619;620;461;PUERTO CHACABUCO;ORIGEN;1
11;11201;DE AYSÉN DEL GENERAL CARLOS IBÁÑEZ DEL CAMPO;AYSÉN;AYSÉN;VILLA MAÑIGUALES;URBANO;PUEBLO;1561;795;766;790;VILLA MAÑIGUALES;ORIGEN;1
11;11202;DE AYSÉN DEL GENERAL CARLOS IBÁÑEZ DEL CAMPO;AYSÉN;CISNES;PUERTO CISNES;CAPITAL COMUNAL;PUEBLO;2558;1318;1240;1063;PUERTO CISNES;ORIGEN;1
11;11202;DE AYSÉN DEL GENERAL CARLOS IBÁÑEZ DEL CAMPO;AYSÉN;CISNES;LA JUNTA;URBANO;PUEBLO;1431;749;682;634;LA JUNTA;ORIGEN;1
11;11203;DE AYSÉN DEL GENERAL CARLOS IBÁÑEZ DEL CAMPO;AYSÉN;GUAITECAS;MELINKA;CAPITAL COMUNAL;PUEBLO;1329;717;612;607;MELINKA;ORIGEN;1
11;11301;DE AYSÉN DEL GENERAL CARLOS IBÁÑEZ DEL CAMPO;CAPITÁN PRAT;COCHRANE;COCHRANE;CAPITAL PROVINCIAL;CIUDAD;2789;1440;1349;1296;COCHRANE;ORIGEN;1
11;11401;DE AYSÉN DEL GENERAL CARLOS IBÁÑEZ DEL CAMPO;GENERAL CARRERA;CHILE CHICO;CHILE CHICO;CAPITAL PROVINCIAL;CIUDAD;3129;1569;1560;1419;CHILE CHICO;ORIGEN;1
12;12101;DE MAGALLANES Y DE LA ANTÁRTICA CHILENA;MAGALLANES;PUNTA ARENAS;PUNTA ARENAS;CAPITAL REGIONAL;CIUDAD;123403;60631;62772;46443;PUNTA ARENAS;ORIGEN;1
12;12201;DE MAGALLANES Y DE LA ANTÁRTICA CHILENA;ANTÁRTICA CHILENA;CABO DE HORNOS;PUERTO WILLIAMS;CAPITAL PROVINCIAL;CIUDAD;1868;1039;829;662;PUERTO WILLIAMS;ORIGEN;1
12;12301;DE MAGALLANES Y DE LA ANTÁRTICA CHILENA;TIERRA DEL FUEGO;PORVENIR;PORVENIR;CAPITAL PROVINCIAL;CIUDAD;5992;3334;2658;2439;PORVENIR;ORIGEN;1
12;12401;DE MAGALLANES Y DE LA ANTÁRTICA CHILENA;ÚLTIMA ESPERANZA;NATALES;PUERTO NATALES;CAPITAL PROVINCIAL;CIUDAD;19023;9431;9592;7973;PUERTO NATALES;ORIGEN;1
13;13101;METROPOLITANA DE SANTIAGO;SANTIAGO;SANTIAGO;SANTIAGO;CAPITAL REGIONAL;CIUDAD;402847;205583;197264;193215;SANTIAGO;ORIGEN;1
13;13102;METROPOLITANA DE SANTIAGO;SANTIAGO;CERRILLOS;CERRILLOS;CAPITAL COMUNAL;CIUDAD;80710;39544;41166;24523;CERRILLOS;ORIGEN;2
13;13103;METROPOLITANA DE SANTIAGO;SANTIAGO;CERRO NAVIA;CERRO NAVIA;CAPITAL COMUNAL;CIUDAD;132401;65297;67104;37963;CERRO NAVIA;ORIGEN;1
13;13104;METROPOLITANA DE SANTIAGO;SANTIAGO;CONCHALÍ;CONCHALÍ;CAPITAL COMUNAL;CIUDAD;126800;61784;65016;37721;CONCHALÍ;ORIGEN;1
13;13105;METROPOLITANA DE SANTIAGO;SANTIAGO;EL BOSQUE;EL BOSQUE;CAPITAL COMUNAL;CIUDAD;162415;79325;83090;47912;EL BOSQUE;ORIGEN;1
13;13106;METROPOLITANA DE SANTIAGO;SANTIAGO;ESTACIÓN CENTRAL;ESTACIÓN CENTRAL;CAPITAL COMUNAL;CIUDAD;140809;69617;71192;52413;ESTACIÓN CENTRAL;ORIGEN;1
13;13107;METROPOLITANA DE SANTIAGO;SANTIAGO;HUECHURABA;HUECHURABA;CAPITAL COMUNAL;CIUDAD;98500;48019;50481;28905;HUECHURABA;ORIGEN;1
13;13108;METROPOLITANA DE SANTIAGO;SANTIAGO;INDEPENDENCIA;INDEPENDENCIA;CAPITAL COMUNAL;CIUDAD;100059;49025;51034;36610;INDEPENDENCIA;ORIGEN;1
13;13109;METROPOLITANA DE SANTIAGO;SANTIAGO;LA CISTERNA;LA CISTERNA;CAPITAL COMUNAL;CIUDAD;89889;43043;46846;31395;LA CISTERNA;ORIGEN;1
13;13110;METROPOLITANA DE SANTIAGO;SANTIAGO;LA FLORIDA;LA FLORIDA;CAPITAL COMUNAL;CIUDAD;366376;175380;190996;119864;LA FLORIDA;ORIGEN;1
13;13111;METROPOLITANA DE SANTIAGO;SANTIAGO;LA GRANJA;LA GRANJA;CAPITAL COMUNAL;CIUDAD;116312;56875;59437;34343;LA GRANJA;ORIGEN;1
13;13112;METROPOLITANA DE SANTIAGO;SANTIAGO;LA PINTANA;LA PINTANA;CAPITAL COMUNAL;CIUDAD;176105;86377;89728;49655;LA PINTANA;ORIGEN;1
13;13113;METROPOLITANA DE SANTIAGO;SANTIAGO;LA REINA;LA REINA;CAPITAL COMUNAL;CIUDAD;92678;43535;49143;29771;LA REINA;ORIGEN;1
13;13114;METROPOLITANA DE SANTIAGO;SANTIAGO;LAS CONDES;LAS CONDES;CAPITAL COMUNAL;CIUDAD;294480;135721;158759;117878;LAS CONDES;ORIGEN;1
13;13115;METROPOLITANA DE SANTIAGO;SANTIAGO;LO BARNECHEA;LO BARNECHEA;CAPITAL COMUNAL;CIUDAD;103092;48337;54755;29001;LO BARNECHEA;ORIGEN;1
13;13116;METROPOLITANA DE SANTIAGO;SANTIAGO;LO ESPEJO;LO ESPEJO;CAPITAL COMUNAL;CIUDAD;98651;49046;49605;26744;LO ESPEJO;ORIGEN;1
13;13117;METROPOLITANA DE SANTIAGO;SANTIAGO;LO PRADO;LO PRADO;CAPITAL COMUNAL;CIUDAD;95901;46607;49294;29417;LO PRADO;ORIGEN;1
13;13118;METROPOLITANA DE SANTIAGO;SANTIAGO;MACUL;MACUL;CAPITAL COMUNAL;CIUDAD;116249;55021;61228;42998;MACUL;ORIGEN;1
13;13119;METROPOLITANA DE SANTIAGO;SANTIAGO;MAIPÚ;MAIPÚ;CAPITAL COMUNAL;CIUDAD;515240;247329;267911;159551;MAIPÚ;ORIGEN;1
13;13119;METROPOLITANA DE SANTIAGO;SANTIAGO;MAIPÚ;EL MAITÉN;URBANO;PUEBLO;2153;1093;1060;575;EL MAITÉN;ORIGEN;1
13;13120;METROPOLITANA DE SANTIAGO;SANTIAGO;ÑUÑOA;ÑUÑOA;CAPITAL COMUNAL;CIUDAD;208048;95304;112744;92179;ÑUÑOA;ORIGEN;1
13;13121;METROPOLITANA DE SANTIAGO;SANTIAGO;PEDRO AGUIRRE CERDA;PEDRO AGUIRRE CERDA;CAPITAL COMUNAL;CIUDAD;101035;49423;51612;29874;PEDRO AGUIRRE CERDA;ORIGEN;1
13;13122;METROPOLITANA DE SANTIAGO;SANTIAGO;PEÑALOLÉN;PEÑALOLÉN;CAPITAL COMUNAL;CIUDAD;241394;116769;124625;70322;PEÑALOLÉN;ORIGEN;1
13;13123;METROPOLITANA DE SANTIAGO;SANTIAGO;PROVIDENCIA;PROVIDENCIA;CAPITAL COMUNAL;CIUDAD;141986;65652;76334;70926;PROVIDENCIA;ORIGEN;1
13;13124;METROPOLITANA DE SANTIAGO;SANTIAGO;PUDAHUEL;LO AGUIRRE;URBANO;PUEBLO;1955;944;1011;659;LO AGUIRRE;ORIGEN;1
13;13124;METROPOLITANA DE SANTIAGO;SANTIAGO;PUDAHUEL;PUDAHUEL;CAPITAL COMUNAL;CIUDAD;205558;100122;105436;62142;PUDAHUEL;ORIGEN;1
13;13124;METROPOLITANA DE SANTIAGO;SANTIAGO;PUDAHUEL;CIUDAD DEL VALLE;URBANO;CIUDAD;11512;5657;5855;3573;CIUDAD DEL VALLE;ORIGEN;1
13;13124;METROPOLITANA DE SANTIAGO;SANTIAGO;PUDAHUEL;EL CAMBUCHO;URBANO;PUEBLO;1467;752;715;444;EL CAMBUCHO;ORIGEN;1
13;13124;METROPOLITANA DE SANTIAGO;SANTIAGO;PUDAHUEL;NOVICIADO ALTO;URBANO;PUEBLO;1245;640;605;363;NOVICIADO ALTO;ORIGEN;1
13;13124;METROPOLITANA DE SANTIAGO;SANTIAGO;PUDAHUEL;VILLA CAMPO ALEGRE;URBANO;PUEBLO;1017;516;501;282;VILLA CAMPO ALEGRE;ORIGEN;1
13;13125;METROPOLITANA DE SANTIAGO;SANTIAGO;QUILICURA;QULICURA;CAPITAL COMUNAL;CIUDAD;209676;103013;106663;62228;QULICURA;ORIGEN;1
13;13126;METROPOLITANA DE SANTIAGO;SANTIAGO;QUINTA NORMAL;QUINTA NORMAL;CAPITAL COMUNAL;CIUDAD;109784;53520;56264;38914;QUINTA NORMAL;ORIGEN;1
13;13127;METROPOLITANA DE SANTIAGO;SANTIAGO;RECOLETA;RECOLETA;CAPITAL COMUNAL;CIUDAD;157569;77510;80059;50136;RECOLETA;ORIGEN;1
13;13128;METROPOLITANA DE SANTIAGO;SANTIAGO;RENCA;RENCA;CAPITAL COMUNAL;CIUDAD;146987;72586;74401;43128;RENCA;ORIGEN;1
13;13129;METROPOLITANA DE SANTIAGO;SANTIAGO;SAN JOAQUÍN;SAN JOAQUÍN;CAPITAL COMUNAL;CIUDAD;94325;45738;48587;30054;SAN JOAQUÍN;ORIGEN;1
13;13130;METROPOLITANA DE SANTIAGO;SANTIAGO;SAN MIGUEL;SAN MIGUEL;CAPITAL COMUNAL;CIUDAD;107828;50659;57169;42892;SAN MIGUEL;ORIGEN;2
13;13131;METROPOLITANA DE SANTIAGO;SANTIAGO;SAN RAMÓN;SAN RAMÓN;CAPITAL COMUNAL;CIUDAD;82602;40710;41892;23743;SAN RAMÓN;ORIGEN;2
13;13132;METROPOLITANA DE SANTIAGO;SANTIAGO;VITACURA;VITACURA;CAPITAL COMUNAL;CIUDAD;85300;38355;46945;31753;VITACURA;ORIGEN;1
13;13201;METROPOLITANA DE SANTIAGO;CORDILLERA;PUENTE ALTO;PUENTE ALTO;CAPITAL PROVINCIAL;CIUDAD;566561;274323;292238;171077;PUENTE ALTO;ORIGEN;1
13;13202;METROPOLITANA DE SANTIAGO;CORDILLERA;PIRQUE;PIRQUE;CAPITAL COMUNAL;CIUDAD;2685;1321;1364;820;PIRQUE;ORIGEN;1
13;13202;METROPOLITANA DE SANTIAGO;CORDILLERA;PIRQUE;EL PRINCIPAL;URBANO;CIUDAD;8829;4491;4338;2668;EL PRINCIPAL;ORIGEN;1
13;13203;METROPOLITANA DE SANTIAGO;CORDILLERA;SAN JOSÉ DE MAIPO;SAN JOSÉ DE MAIPO;CAPITAL COMUNAL;CIUDAD;6230;3121;3109;2036;SAN JOSÉ DE MAIPO;ORIGEN;1
13;13203;METROPOLITANA DE SANTIAGO;CORDILLERA;SAN JOSÉ DE MAIPO;SAN ALFONSO;URBANO;PUEBLO;1859;954;905;793;SAN ALFONSO;ORIGEN;1
13;13203;METROPOLITANA DE SANTIAGO;CORDILLERA;SAN JOSÉ DE MAIPO;LA OBRA - LAS VERTIENTES;URBANO;CIUDAD;3032;1509;1523;1169;LA OBRA - LAS VERTIENTES;ORIGEN;1
13;13301;METROPOLITANA DE SANTIAGO;CHACABUCO;COLINA;COLINA;CAPITAL PROVINCIAL;CIUDAD;88858;46598;42260;26529;COLINA;ORIGEN;1
13;13301;METROPOLITANA DE SANTIAGO;CHACABUCO;COLINA;SANTA MARTA DE LIRAY;URBANO;PUEBLO;1429;753;676;452;SANTA MARTA DE LIRAY;ORIGEN;1
13;13301;METROPOLITANA DE SANTIAGO;CHACABUCO;COLINA;CHICUREO;URBANO;CIUDAD;10975;5172;5803;2913;CHICUREO;ORIGEN;1
13;13301;METROPOLITANA DE SANTIAGO;CHACABUCO;COLINA;CHAMISERO;URBANO;CIUDAD;7747;3636;4111;2492;CHAMISERO;ORIGEN;1
13;13301;METROPOLITANA DE SANTIAGO;CHACABUCO;COLINA;LAS CANTERAS;URBANO;PUEBLO;2580;1308;1272;856;LAS CANTERAS;ORIGEN;2
13;13301;METROPOLITANA DE SANTIAGO;CHACABUCO;COLINA;SANTA ELENA;URBANO;PUEBLO;2766;1329;1437;994;SANTA ELENA;ORIGEN;1
13;13301;METROPOLITANA DE SANTIAGO;CHACABUCO;COLINA;LO ARCAYA - CASAS VIEJAS;URBANO;PUEBLO;1121;564;557;274;LO ARCAYA - CASAS VIEJAS;ORIGEN;1
13;13301;METROPOLITANA DE SANTIAGO;CHACABUCO;COLINA;LOS INGLESES;URBANO;PUEBLO;1342;695;647;380;LOS INGLESES;ORIGEN;1
13;13301;METROPOLITANA DE SANTIAGO;CHACABUCO;COLINA;EL COLORADO;URBANO;PUEBLO;1021;530;491;336;EL COLORADO;ORIGEN;1
13;13302;METROPOLITANA DE SANTIAGO;CHACABUCO;LAMPA;BATUCO;URBANO;CIUDAD;16784;8524;8260;5037;BATUCO;ORIGEN;1
13;13302;METROPOLITANA DE SANTIAGO;CHACABUCO;LAMPA;ESTACIÓN COLINA;URBANO;PUEBLO;4085;2127;1958;1265;ESTACIÓN COLINA;ORIGEN;1
13;13302;METROPOLITANA DE SANTIAGO;CHACABUCO;LAMPA;LAMPA;CAPITAL COMUNAL;CIUDAD;37599;18705;18894;11703;LAMPA;ORIGEN;1
13;13302;METROPOLITANA DE SANTIAGO;CHACABUCO;LAMPA;VALLE GRANDE;URBANO;CIUDAD;16966;8452;8514;6502;VALLE GRANDE;ORIGEN;1
13;13302;METROPOLITANA DE SANTIAGO;CHACABUCO;LAMPA;CHICAUMA;URBANO;CIUDAD;1764;894;870;601;CHICAUMA;ORIGEN;1
13;13302;METROPOLITANA DE SANTIAGO;CHACABUCO;LAMPA;SOL DE SEPTIEMBRE;URBANO;PUEBLO;2040;1059;981;734;SOL DE SEPTIEMBRE;ORIGEN;1
13;13302;METROPOLITANA DE SANTIAGO;CHACABUCO;LAMPA;LO CASTRO;URBANO;PUEBLO;1445;745;700;497;LO CASTRO;ORIGEN;1
13;13303;METROPOLITANA DE SANTIAGO;CHACABUCO;TILTIL;TILTIL;CAPITAL COMUNAL;CIUDAD;5549;2760;2789;1810;TILTIL;ORIGEN;1
13;13303;METROPOLITANA DE SANTIAGO;CHACABUCO;TILTIL;HUERTOS FAMILIARES;URBANO;PUEBLO;4186;2112;2074;1357;HUERTOS FAMILIARES;ORIGEN;1
13;13303;METROPOLITANA DE SANTIAGO;CHACABUCO;TILTIL;ALTO EL MANZANO;URBANO;PUEBLO;1963;964;999;741;ALTO EL MANZANO;ORIGEN;1
13;13303;METROPOLITANA DE SANTIAGO;CHACABUCO;TILTIL;ESTACIÓN POLPAICO;URBANO;PUEBLO;1359;706;653;428;ESTACIÓN POLPAICO;ORIGEN;1
13;13401;METROPOLITANA DE SANTIAGO;MAIPO;SAN BERNARDO;LO HERRERA;URBANO;PUEBLO;4638;2315;2323;1376;LO HERRERA;ORIGEN;1
13;13401;METROPOLITANA DE SANTIAGO;MAIPO;SAN BERNARDO;SAN BERNARDO;CAPITAL PROVINCIAL;CIUDAD;290912;142513;148399;87046;SAN BERNARDO;ORIGEN;1
13;13402;METROPOLITANA DE SANTIAGO;MAIPO;BUIN;EL RULO;URBANO;PUEBLO;2362;1191;1171;692;EL RULO;ORIGEN;1
13;13402;METROPOLITANA DE SANTIAGO;MAIPO;BUIN;ALTO JAHUEL;URBANO;CIUDAD;7000;3451;3549;2112;ALTO JAHUEL;ORIGEN;1
13;13402;METROPOLITANA DE SANTIAGO;MAIPO;BUIN;VILUCO;URBANO;PUEBLO;4760;2447;2313;1404;VILUCO;ORIGEN;1
13;13402;METROPOLITANA DE SANTIAGO;MAIPO;BUIN;BUIN;CAPITAL COMUNAL;CIUDAD;65607;31858;33749;21723;BUIN;ORIGEN;1
13;13402;METROPOLITANA DE SANTIAGO;MAIPO;BUIN;VALDIVIA DE PAINE;URBANO;PUEBLO;2609;1303;1306;822;VALDIVIA DE PAINE;ORIGEN;1
13;13403;METROPOLITANA DE SANTIAGO;MAIPO;CALERA DE TANGO;SAN IGNACIO;URBANO;PUEBLO;3541;1787;1754;1082;SAN IGNACIO;ORIGEN-SACAR;2
13;13403;METROPOLITANA DE SANTIAGO;MAIPO;CALERA DE TANGO;BAJOS DE SAN AGUSTÍN;URBANO;CIUDAD;7802;3856;3946;2377;BAJOS DE SAN AGUSTÍN;ORIGEN;1
13;13403;METROPOLITANA DE SANTIAGO;MAIPO;CALERA DE TANGO;EL ROTO CHILENO;URBANO;PUEBLO;145;80;65;38;EL ROTO CHILENO;ORIGEN-SACAR;2
13;13404;METROPOLITANA DE SANTIAGO;MAIPO;PAINE;PAINE;CAPITAL COMUNAL;CIUDAD;31317;15451;15866;9621;PAINE;ORIGEN;1
13;13404;METROPOLITANA DE SANTIAGO;MAIPO;PAINE;HUELQUÉN;URBANO;PUEBLO;4538;2252;2286;1372;HUELQUÉN;ORIGEN;1
13;13404;METROPOLITANA DE SANTIAGO;MAIPO;PAINE;HOSPITAL;URBANO;CIUDAD;6122;3034;3088;1926;HOSPITAL;ORIGEN;1
13;13404;METROPOLITANA DE SANTIAGO;MAIPO;PAINE;PINTUÉ - LA GUACHERA;URBANO;PUEBLO;2094;1061;1033;781;PINTUÉ - LA GUACHERA;ORIGEN;1
13;13404;METROPOLITANA DE SANTIAGO;MAIPO;PAINE;EL TRÁNSITO;URBANO;PUEBLO;1261;639;622;402;EL TRÁNSITO;ORIGEN;1
13;13404;METROPOLITANA DE SANTIAGO;MAIPO;PAINE;CHADA;URBANO;PUEBLO;1020;516;504;325;CHADA;ORIGEN;1
13;13501;METROPOLITANA DE SANTIAGO;MELIPILLA;MELIPILLA;BOLLENAR;URBANO;CIUDAD;5308;2667;2641;1686;BOLLENAR;ORIGEN;1
13;13501;METROPOLITANA DE SANTIAGO;MELIPILLA;MELIPILLA;POMAIRE;URBANO;PUEBLO;3921;2000;1921;1223;POMAIRE;ORIGEN;1
13;13501;METROPOLITANA DE SANTIAGO;MELIPILLA;MELIPILLA;MELIPILLA;CAPITAL PROVINCIAL;CIUDAD;72212;34990;37222;24853;MELIPILLA;ORIGEN;1
13;13501;METROPOLITANA DE SANTIAGO;MELIPILLA;MELIPILLA;PABELLÓN;URBANO;PUEBLO;1733;878;855;602;PABELLÓN;ORIGEN;1
13;13501;METROPOLITANA DE SANTIAGO;MELIPILLA;MELIPILLA;SAN JOSÉ;URBANO;PUEBLO;1112;546;566;361;SAN JOSÉ;ORIGEN;1
13;13502;METROPOLITANA DE SANTIAGO;MELIPILLA;ALHUÉ;VILLA ALHUÉ;CAPITAL COMUNAL;PUEBLO;2706;1506;1200;1083;VILLA ALHUÉ;ORIGEN;1
13;13503;METROPOLITANA DE SANTIAGO;MELIPILLA;CURACAVÍ;CURACAVÍ;CAPITAL COMUNAL;CIUDAD;18686;9085;9601;6176;CURACAVÍ;ORIGEN;1
13;13503;METROPOLITANA DE SANTIAGO;MELIPILLA;CURACAVÍ;CERRILLOS;URBANO;PUEBLO;1590;806;784;495;CERRILLOS;ORIGEN-SACAR;2
13;13504;METROPOLITANA DE SANTIAGO;MELIPILLA;MARÍA PINTO;MARÍA PINTO;CAPITAL COMUNAL;PUEBLO;1975;975;1000;732;MARÍA PINTO;ORIGEN;1
13;13504;METROPOLITANA DE SANTIAGO;MELIPILLA;MARÍA PINTO;LOS RULOS;URBANO;PUEBLO;1165;552;613;346;LOS RULOS;ORIGEN;1
13;13504;METROPOLITANA DE SANTIAGO;MELIPILLA;MARÍA PINTO;IBACACHE ALTO - CHOROMBO;URBANO;PUEBLO;1243;619;624;412;IBACACHE ALTO - CHOROMBO;ORIGEN;1
13;13504;METROPOLITANA DE SANTIAGO;MELIPILLA;MARÍA PINTO;VILLA SANTA LUISA;URBANO;PUEBLO;1036;529;507;347;VILLA SANTA LUISA;ORIGEN;1
13;13504;METROPOLITANA DE SANTIAGO;MELIPILLA;MARÍA PINTO;CHOROMBO BAJO;URBANO;PUEBLO;1237;627;610;420;CHOROMBO BAJO;ORIGEN;1
13;13601;METROPOLITANA DE SANTIAGO;TALAGANTE;TALAGANTE;TALAGANTE;CAPITAL PROVINCIAL;CIUDAD;56878;28063;28815;17723;TALAGANTE;ORIGEN;1
13;13601;METROPOLITANA DE SANTIAGO;TALAGANTE;TALAGANTE;EL ROTO CHILENO;URBANO;PUEBLO;1025;513;512;301;EL ROTO CHILENO;ORIGEN;2
13;13601;METROPOLITANA DE SANTIAGO;TALAGANTE;TALAGANTE;LONQUÉN;URBANO;PUEBLO;1194;580;614;343;LONQUÉN;ORIGEN;2
13;13602;METROPOLITANA DE SANTIAGO;TALAGANTE;EL MONTE;EL MONTE;CAPITAL COMUNAL;CIUDAD;29998;14751;15247;9760;EL MONTE;ORIGEN;1
13;13603;METROPOLITANA DE SANTIAGO;TALAGANTE;ISLA DE MAIPO;ISLA DE MAIPO;CAPITAL COMUNAL;CIUDAD;14176;6982;7194;4767;ISLA DE MAIPO;ORIGEN;1
13;13603;METROPOLITANA DE SANTIAGO;TALAGANTE;ISLA DE MAIPO;LA ISLITA;URBANO;CIUDAD;11431;5641;5790;3394;LA ISLITA;ORIGEN;1
13;13603;METROPOLITANA DE SANTIAGO;TALAGANTE;ISLA DE MAIPO;SAN ANTONIO DE NALTAGUA;URBANO;PUEBLO;1104;560;544;339;SAN ANTONIO DE NALTAGUA;ORIGEN;1
13;13603;METROPOLITANA DE SANTIAGO;TALAGANTE;ISLA DE MAIPO;LONQUÉN;URBANO;PUEBLO;199;100;99;63;LONQUÉN;ORIGEN-SACAR;2
13;13604;METROPOLITANA DE SANTIAGO;TALAGANTE;PADRE HURTADO;PADRE HURTADO;CAPITAL COMUNAL;CIUDAD;55561;27451;28110;18378;PADRE HURTADO;ORIGEN;1
13;13605;METROPOLITANA DE SANTIAGO;TALAGANTE;PEÑAFLOR;PEÑAFLOR;CAPITAL COMUNAL;CIUDAD;82959;40316;42643;26327;PEÑAFLOR;ORIGEN;1
14;14101;DE LOS RÍOS;VALDIVIA;VALDIVIA;NIEBLA;URBANO;PUEBLO;3989;1958;2031;2044;NIEBLA;ORIGEN;1
14;14101;DE LOS RÍOS;VALDIVIA;VALDIVIA;VALDIVIA;CAPITAL REGIONAL;CIUDAD;150048;71906;78142;53867;VALDIVIA;ORIGEN;1
14;14102;DE LOS RÍOS;VALDIVIA;CORRAL;CORRAL;CAPITAL COMUNAL;PUEBLO;3469;1688;1781;1444;CORRAL;ORIGEN;1
14;14103;DE LOS RÍOS;VALDIVIA;LANCO;LANCO;CAPITAL COMUNAL;CIUDAD;8521;4144;4377;3136;LANCO;ORIGEN;1
14;14103;DE LOS RÍOS;VALDIVIA;LANCO;MALALHUE;URBANO;PUEBLO;3061;1463;1598;1187;MALALHUE;ORIGEN;1
14;14104;DE LOS RÍOS;VALDIVIA;LOS LAGOS;LOS LAGOS;CAPITAL COMUNAL;CIUDAD;9746;4689;5057;3480;LOS LAGOS;ORIGEN;1
14;14105;DE LOS RÍOS;VALDIVIA;MÁFIL;MÁFIL;CAPITAL COMUNAL;PUEBLO;4239;1997;2242;1506;MÁFIL;ORIGEN;1
14;14106;DE LOS RÍOS;VALDIVIA;MARIQUINA;SAN JOSÉ DE LA MARIQUINA;CAPITAL COMUNAL;CIUDAD;9767;4682;5085;3353;SAN JOSÉ DE LA MARIQUINA;ORIGEN;1
14;14107;DE LOS RÍOS;VALDIVIA;PAILLACO;PAILLACO;CAPITAL COMUNAL;CIUDAD;11296;5555;5741;3983;PAILLACO;ORIGEN;1
14;14107;DE LOS RÍOS;VALDIVIA;PAILLACO;REUMÉN;URBANO;PUEBLO;1001;475;526;398;REUMÉN;ORIGEN;1
14;14108;DE LOS RÍOS;VALDIVIA;PANGUIPULLI;COÑARIPE;URBANO;PUEBLO;1477;700;777;1321;COÑARIPE;ORIGEN;1
14;14108;DE LOS RÍOS;VALDIVIA;PANGUIPULLI;PANGUIPULLI;CAPITAL COMUNAL;CIUDAD;11091;5196;5895;4381;PANGUIPULLI;ORIGEN;1
14;14108;DE LOS RÍOS;VALDIVIA;PANGUIPULLI;NELTUME;URBANO;PUEBLO;1955;976;979;840;NELTUME;ORIGEN;1
14;14201;DE LOS RÍOS;RANCO;LA UNIÓN;LA UNIÓN;CAPITAL PROVINCIAL;CIUDAD;26517;12554;13963;9911;LA UNIÓN;ORIGEN;1
14;14202;DE LOS RÍOS;RANCO;FUTRONO;NONTUELA;URBANO;PUEBLO;1004;489;515;399;NONTUELA;ORIGEN;1
14;14202;DE LOS RÍOS;RANCO;FUTRONO;FUTRONO;CAPITAL COMUNAL;CIUDAD;7095;3398;3697;2845;FUTRONO;ORIGEN;1
14;14203;DE LOS RÍOS;RANCO;LAGO RANCO;LAGO RANCO;CAPITAL COMUNAL;PUEBLO;2146;1036;1110;1154;LAGO RANCO;ORIGEN;1
14;14204;DE LOS RÍOS;RANCO;RÍO BUENO;RÍO BUENO;CAPITAL COMUNAL;CIUDAD;16909;7950;8959;6623;RÍO BUENO;ORIGEN;1
15;15101;DE ARICA Y PARINACOTA;ARICA;ARICA;ARICA;CAPITAL REGIONAL;CIUDAD;202131;97886;104245;65888;ARICA;ORIGEN;1
15;15101;DE ARICA Y PARINACOTA;ARICA;ARICA;SAN MIGUEL;URBANO;PUEBLO;1001;505;496;328;SAN MIGUEL;ORIGEN-SACAR;2
15;15201;DE ARICA Y PARINACOTA;PARINACOTA;PUTRE;PUTRE;CAPITAL PROVINCIAL;CIUDAD;1716;1323;393;521;PUTRE;ORIGEN;1
16;16101;DE ÑUBLE;DIGUILLÍN;CHILLÁN;CHILLÁN;CAPITAL REGIONAL;CIUDAD;164270;77214;87056;59751;CHILLÁN;ORIGEN;1
16;16101;DE ÑUBLE;DIGUILLÍN;CHILLÁN;QUINCHAMALÍ;URBANO;PUEBLO;1276;628;648;586;QUINCHAMALÍ;ORIGEN;1
16;16101;DE ÑUBLE;DIGUILLÍN;CHILLÁN;LAS MARIPOSAS;URBANO;PUEBLO;1599;798;801;508;LAS MARIPOSAS;ORIGEN;1
16;16101;DE ÑUBLE;DIGUILLÍN;CHILLÁN;EL EMBOQUE;URBANO;PUEBLO;1198;578;620;446;EL EMBOQUE;ORIGEN;1
16;16102;DE ÑUBLE;DIGUILLÍN;BULNES;BULNES;CAPITAL PROVINCIAL;CIUDAD;11072;5185;5887;4210;BULNES;ORIGEN;1
16;16102;DE ÑUBLE;DIGUILLÍN;BULNES;SANTA CLARA;URBANO;PUEBLO;2368;1125;1243;881;SANTA CLARA;ORIGEN;1
16;16103;DE ÑUBLE;DIGUILLÍN;CHILLÁN VIEJO;CHILLÁN VIEJO;CAPITAL COMUNAL;CIUDAD;27359;12766;14593;9696;CHILLÁN VIEJO;ORIGEN;1
16;16104;DE ÑUBLE;DIGUILLÍN;EL CARMEN;EL CARMEN;CAPITAL COMUNAL;PUEBLO;4855;2256;2599;1890;EL CARMEN;ORIGEN;1
16;16105;DE ÑUBLE;DIGUILLÍN;PEMUCO;PEMUCO;CAPITAL COMUNAL;PUEBLO;4161;2022;2139;1538;PEMUCO;ORIGEN;1
16;16106;DE ÑUBLE;DIGUILLÍN;PINTO;PINTO;CAPITAL COMUNAL;PUEBLO;3766;1746;2020;1449;PINTO;ORIGEN;1
16;16106;DE ÑUBLE;DIGUILLÍN;PINTO;RECINTO - LOS LLEUQUES;URBANO;PUEBLO;1607;811;796;1051;RECINTO - LOS LLEUQUES;ORIGEN;1
16;16107;DE ÑUBLE;DIGUILLÍN;QUILLÓN;QUILLÓN;CAPITAL COMUNAL;CIUDAD;10279;4918;5361;5410;QUILLÓN;ORIGEN;1
16;16108;DE ÑUBLE;DIGUILLÍN;SAN IGNACIO;SAN IGNACIO;CAPITAL COMUNAL;PUEBLO;2932;1361;1571;1219;SAN IGNACIO;ORIGEN;2
16;16108;DE ÑUBLE;DIGUILLÍN;SAN IGNACIO;PUEBLO SECO;URBANO;PUEBLO;2792;1341;1451;1080;PUEBLO SECO;ORIGEN;1
16;16108;DE ÑUBLE;DIGUILLÍN;SAN IGNACIO;QUIRIQUINA;URBANO;PUEBLO;1055;489;566;367;QUIRIQUINA;ORIGEN;1
16;16109;DE ÑUBLE;DIGUILLÍN;YUNGAY;YUNGAY;CAPITAL COMUNAL;CIUDAD;10884;5314;5570;4619;YUNGAY;ORIGEN;1
16;16109;DE ÑUBLE;DIGUILLÍN;YUNGAY;CAMPANARIO;URBANO;PUEBLO;2206;1104;1102;940;CAMPANARIO;ORIGEN;1
16;16201;DE ÑUBLE;ITATA;QUIRIHUE;QUIRIHUE;CAPITAL PROVINCIAL;CIUDAD;9432;4496;4936;4075;QUIRIHUE;ORIGEN;1
16;16202;DE ÑUBLE;ITATA;COBQUECURA;COBQUECURA;CAPITAL COMUNAL;PUEBLO;1441;630;811;811;COBQUECURA;ORIGEN;1
16;16203;DE ÑUBLE;ITATA;COELEMU;COELEMU;CAPITAL COMUNAL;CIUDAD;10297;4942;5355;3581;COELEMU;ORIGEN;1
16;16203;DE ÑUBLE;ITATA;COELEMU;RANGUELMO;URBANO;PUEBLO;1035;511;524;344;RANGUELMO;ORIGEN;1
16;16204;DE ÑUBLE;ITATA;NINHUE;NINHUE;CAPITAL COMUNAL;PUEBLO;1467;686;781;596;NINHUE;ORIGEN;1
16;16205;DE ÑUBLE;ITATA;PORTEZUELO;PORTEZUELO;CAPITAL COMUNAL;PUEBLO;1802;839;963;725;PORTEZUELO;ORIGEN;1
16;16206;DE ÑUBLE;ITATA;RÁNQUIL;ÑIPAS;CAPITAL COMUNAL;PUEBLO;1580;748;832;670;ÑIPAS;ORIGEN;1
16;16207;DE ÑUBLE;ITATA;TREGUACO;TREGUACO;CAPITAL COMUNAL;PUEBLO;1774;836;938;736;TREGUACO;ORIGEN;1
16;16301;DE ÑUBLE;PUNILLA;SAN CARLOS;VILLA ILLINOIS;URBANO;PUEBLO;600;296;304;214;VILLA ILLINOIS;ORIGEN;1
16;16301;DE ÑUBLE;PUNILLA;SAN CARLOS;SAN CARLOS;CAPITAL PROVINCIAL;CIUDAD;32529;15093;17436;12508;SAN CARLOS;ORIGEN;1
16;16302;DE ÑUBLE;PUNILLA;COIHUECO;COIHUECO;CAPITAL COMUNAL;CIUDAD;9089;4315;4774;3161;COIHUECO;ORIGEN;1
16;16303;DE ÑUBLE;PUNILLA;ÑIQUÉN;SAN GREGORIO;CAPITAL COMUNAL;PUEBLO;1146;514;632;521;SAN GREGORIO;ORIGEN;1
16;16304;DE ÑUBLE;PUNILLA;SAN FABIÁN;SAN FABIÁN DE ALICO;CAPITAL COMUNAL;PUEBLO;1661;800;861;890;SAN FABIÁN DE ALICO;ORIGEN;1
16;16305;DE ÑUBLE;PUNILLA;SAN NICOLÁS;SAN NICOLÁS;CAPITAL COMUNAL;PUEBLO;2843;1347;1496;1056;SAN NICOLÁS;ORIGEN;1
16;16305;DE ÑUBLE;PUNILLA;SAN NICOLÁS;PUENTE ÑUBLE;URBANO;PUEBLO;2044;1015;1029;728;PUENTE ÑUBLE;ORIGEN;1
8;8107;DEL BIOBÍO;CONCEPCIÓN;PENCO;LIRQUEN;CAPITAL COMUNAL;CIUDAD;46718;22261;24457;15531;PENCO;CREADO;1
8;8107;DEL BIOBÍO;CONCEPCIÓN;PENCO;PENCO LIRQUEN;CAPITAL COMUNAL;CIUDAD;46718;22261;24457;15531;PENCO;CREADO;1
5;5201;DE VALPARAÍSO;ISLA DE PASCUA;ISLA DE PASCUA;ISLA DE PASCUA;CAPITAL PROVINCIAL;CIUDAD;7163;3523;3640;2762;HANGA ROA;CREADO;1
5;5201;DE VALPARAÍSO;ISLA DE PASCUA;ISLA DE PASCUA;RAPA NUI;CAPITAL PROVINCIAL;CIUDAD;7163;3523;3640;2762;HANGA ROA;CREADO;1
13;13403;METROPOLITANA DE SANTIAGO;MAIPO;CALERA DE TANGO;CALERA DE TANGO;URBANO;CIUDAD;7802;3856;3946;2377;BAJOS DE SAN AGUSTÍN;CREADO;1
4;4101;DE COQUIMBO;ELQUI;LA SERENA;SERENA;CAPITAL REGIONAL;CIUDAD;195382;92063;103319;76998;LA SERENA;CREADO;1
14;14106;DE LOS RÍOS;VALDIVIA;MARIQUINA;MARIQUINA;CAPITAL COMUNAL;CIUDAD;9767;4682;5085;3353;SAN JOSÉ DE LA MARIQUINA;CREADO;1
5;5502;DE VALPARAÍSO;QUILLOTA;CALERA;CALERA;CAPITAL COMUNAL;CIUDAD;47072;22679;24393;16899;LA CALERA;CREADO;1
